Text23,Text22,Text7,Text19
6605203532118,SATA3.0 DATA CABLE 0.5METER,131,NA
6609721526000,VGA EXTENSION CABLE MALE TO MALE 1.5METER,9,PCS
6621497123726,USB 3.0 MALE TYPE A TO MICRO B CABLE 0.50M,1,PCS
6644703614191,1 CONNECTOR SATA POWER CABLE,8,PCS
6659784157147,COOLER MASTER 1 TO 5 SPLITTER CABLE FOR RGB LED FAN & LIGHT STRIP,4,NA
6665290126683,USB3.0 TO MICRO USB CABLE 0.5METER ROUND CABLE,11,NA
6695790154442,C5 POWER CORD WITH FUSE 1.8METER,5,NA
6815066892711,ULT-UNITE 4011-1266 BRAIDED HDMI CABLE 3METER,1,PCS
6831757973804,HP DU1004 HARD DISK SATA CONNECTOR,3,NA
6847468321667,ULT-UNITE 4011-1264 BRAIDED HDMI CABLE 1.2METER,2,PCS
6851791562918,HP CF2002/DK0107/DK0108 HARD DISK SATA CONNECTOR,11,NA
6860379836938,C5 3PIN UK POWER CORD FUSED 1.5M,-4,PCS
6863721584105,DAABG VENTION VGA EXTENSION CABLE MALE TO FEMALE 1.5METER,2,PCS
6865333007041,C13 POWER CORD WITH FUSE,973,PCS
6876066099623,C13 3PIN UK POWER CORD FUSED 1.5M,-1,PCS
6881522327165,ULT-UNITE 4012-1415 SLIM HDMI CABLE 5METER RED,7,PCS
6884647815180,HP CS2010 HARD DISK SATA CONNECTOR,3,PCS
6887974017821,DAABI VENTION VGA EXTENSION CABLE MALE TO FEMALE 3METER,2,PCS
6922794717589,VAS-A16-B150 VENTION USB2.0 PRINTER CABLE 1.5METER,45,NA
6922794717602,VAS-A16-B300 VENTION USB2.0 PRINTER CABLE 3METER,39,NA
6922794717619,VAS-A16-B500 VENTION USB2.0 PRINTER CABLE 5METER,38,NA
6922794718708,VAA-B05-B150 VENTION VAA-B05 BRAIDED HDMI CABLE 1.5METER,7,PCS
6922794718722,VAA-B05-B300 VENTION VAA-B05 BRAIDED HDMI CABLE 3METER,19,PCS
6922794718739,VAA-B05-B500 VENTION VAA-B05 BRAIDED HDMI CABLE 5METER,17,PCS
6922794718753,VAA-B05-B1000 VENTION VAA-B05 BRAIDED HDMI CABLE 10METER,2,PCS
6922794719385,VAS-A13-B150 VENTION USB3.0 EXTENSION CABLE MALE TO FEMALE 1.5METER FLAT,9,PCS
6922794719408,VAS-A13-B300 VENTION USB3.0 EXTENSION CABLE MALE TO FEMALE 3METER FLAT,25,PCS
6922794721272,VAS-A45-B300 VENTION USB3.0 EXTENSION CABLE MALE TO FEMALE 3METER ROUND,1,PCS
6922794728905,VAB-S06-B010 VENTION 3.5MM AUDIO ADAPTER MALE TO FEMALE 0.1METER,32,PCS
6922794729971,BAEBG VENTION OPTICAL AUDIO CABLE 1.5METER,19,NA
6922794729995,BAEBI VENTION OPTICAL AUDIO CABLE 3METER,20,NA
6922794731608,P350AC150-B-M VENTION 3.5MM AUDIO BRAIDED CABLE MALE TO MALE 1.5METER,10,PCS
6922794731974,EAABG VENTION DVI CABLE 1.5METER,19,PCS
6922794731998,EAABI VENTION DVI CABLE 3METER,29,PCS
6922794732001,EAABJ VENTION DVI CABLE 5METER,4,PCS
6922794732360,KDBBB VENTION SATA POWER CABLE SPLITTER 0.15METER,14,NA
6922794732612,VAS-A16-B1000 VENTION USB2.0 PRINTER CABLE 10METER,15,NA
6922794732834,ABFBI VENTION ABFB HDMI TO DVI CABLE 3METER,3,NA
6922794732841,ABFBJ VENTION ABFB HDMI TO DVI CABLE 5METER,7,PCS
6922794732896,EABBG VENTION DVI TO VGA CABLE 1.5METER,1,NA
6922794733046,DADBH VENTION DADB 3+9 VGA EXTENSION CABLE MALE TO MALE 2METER,41,NA
6922794733053,DADBI VENTION DADB 3+9 VGA EXTENSION CABLE MALE TO MALE 3METER,54,NA
6922794733060,DADBJ VENTION DADB 3+9 VGA EXTENSION CABLE MALE TO MALE 5METER,10,NA
6922794733237,HAABI VENTION MINI DISPLAY TO DISPLAY PORT CABLE 3METER,1,NA
6922794733244,HABBG VENTION MINI DISPLAY TO HDMI CABLE 1.5METER,10,PCS
6922794733268,HABBI VENTION MINI DISPLAY TO HDMI CABLE 3METER,3,NA
6922794733282,HACBG VENTION DISPLAY PORT CABLE 1.5METER,58,NA
6922794733305,HACBI VENTION DISPLAY PORT CABLE 3METER,14,PCS
6922794733312,HACBJ VENTION DISPLAY PORT CABLE 5METER,20,PCS
6922794733336,HADBG VENTION DISPLAY PORT TO HDMI CABLE MALE TO MALE 1.5METER,2,PCS
6922794733350,HADBI VENTION DISPLAY PORT TO HDMI CABLE MALE TO MALE 3METER,27,NA
6922794733916,KDDRD VENTION SATA3.0 DATA CABLE 0.5METER,112,PCS
6922794734364,BCFBH VENTION 3.5MM AUDIO TO 2RCA CABLE MALE TO MALE 2METER,5,NA
6922794734388,BCFBJ VENTION 3.5MM AUDIO TO 2RCA CABLE MALE TO MALE 5METER,16,PCS
6922794738157,KAABJ VENTION CABLE TIE 5METER BLACK,35,NA
6922794739239,DAABJ VENTION VGA EXTENSION CABLE MALE TO FEMALE 5METER,2,PCS
6922794740761,BHBBG VENTION 3.5MM AUDIO EXTENSION CABLE 1.5METER,17,NA
6922794740785,BHBBI VENTION 3.5MM AUDIO EXTENSION CABLE 3METER,20,NA
6922794740860,VAB-R01-B200 VENTION 3.5MM AUDIO TO 2RCA CABLE FEMALE TO MALE 2METER,7,NA
6922794742239,AAKBI VENTION AAKB SLIM HDMI CABLE 3METER,37,NA
6922794742246,AAKBJ VENTION AAKB SLIM HDMI CABLE 5METER,4,NA
6922794742260,AAKBL VENTION AAKB SLIM HDMI CABLE 10METER,1,NA
6922794742673,AALBG VENTION AALB 8K HDMI CABLE 1.5METER,28,NA
6922794742697,AALBI VENTION AALB 8K HDMI CABLE 3METER,24,NA
6922794744004,HCABI VENTION 8K DISPLAY PORT CABLE 3METER,12,NA
6922794744035,AAOBG VENTION AAOB HDMI CABLE 1.5METER,18,NA
6922794744066,AAOBJ VENTION AAOB HDMI CABLE 5METER,47,NA
6922794744080,AAOBL VENTION AAOB HDMI CABLE 10METER,12,NA
6922794744097,AAOBN VENTION AAOB HDMI CABLE 15METER,4,NA
6922794745353,AAQBG VENTION AAQB RIGHT ANGLE (270 DEGREE) HDMI CABLE 1.5METER,19,NA
6922794745384,AARBG VENTION AARB RIGHT ANGLE (90 DEGREE) HDMI CABLE 1.5METER,18,NA
6922794746183,AHBBH VENTION 8K HDMI EXTENSION CABLE MALE TO FEMALE 2METER,19,NA
6922794746558,AAUBH VENTION AAUB 8K HDMI CABLE 2METER,30,NA
6922794746565,AAUBI VENTION AAUB 8K HDMI CABLE 3METER,30,NA
6922794748828,CONBG VENTION USB3.0 EXTENSION CABLE MALE TO MALE 1.5METER,22,NA
6922794748842,CONBI VENTION USB3.0 EXTENSION CABLE MALE TO MALE 3METER,26,NA
6922794748873,CBHBG VENTION USB3.0 EXTENSION CABLE MALE TO FEMALE 1.5METER ROUND,64,NA
6922794748897,CBHBI VENTION USB3.0 EXTENSION CABLE MALE TO FEMALE 3METER ROUND,24,NA
6922794748910,COPBD VENTION USB3.0 TO MICRO USB CABLE 0.5METER ROUND CABLE,12,NA
6922794748927,COPBF VENTION USB3.0 TO MICRO USB CABLE 1METER ROUND CABLE,32,NA
6928968304074,R4-ACCY-RGBS-R1 COOLER MASTER 1 TO 3 SPLITTER CABLE FOR RGB LED FAN & LIGHT STRIP,1,NA
6931474713421,HOCO UPA15 3.5MM AUDIO CABLE 1METER BLACK,3,NA
6957531025689,HOCO UPA02 SPRING 3.5MM AUDIO CABLE BLACK,50,PCS
4710901730475,INNERGIE USB-C CHARGING CONNECTOR,6,NA
6617172202749,2.5MM AUDIO TO 3.5MM AUDIO CONVERTER MALE TO FEMALE,9,PCS
6625230461557,DISPLAY PORT TO VGA ADAPTER,3,PCS
6628837486565,UK CONVERTER ADAPTER,3,NA
6628947746696,CB-HDMI/VGAS HDMI TO VGA ADAPTER WITH AUDIO,18,NA
6633354844804,PS2 TO USB CONVERTER,2,PCS
6683625447210,CB-USB/SER USB TO SERIAL PORT RS232 CONVERTER,8,NA
6694016999157,CON-HF/HF HDMI FEMALE TO FEMALE CONNECTOR,1,NA
6803536433281,USB 4.0 BLUETOOTH ADAPTER,8,PCS
6891852187964,ULT-UNITE 16PORT 4K HDMI SPLITTER,2,PCS
6922794711389,H380HDFA VENTION HDMI A TO A L-SHAPE ADAPTER MALE TO FEMALE,14,PCS
6922794711419,H380HDD VENTION MICRO HDMI TO HDMI ADAPTER MALE TO FEMALE,4,PCS
6922794728066,ACBG0 VENTION 2PORT HDMI SPLITTER,3,PCS
6922794729469,HBDBB VENTION MINI DISPLAY TO VGA ADAPTER 0.15METER,1,PCS
6922794729544,ACHBB VENTION HDMI TO VGA ADAPTER WITH AUDIO ROUND CABLE,-1,PCS
6922794730434,ACCG0 VENTION 4PORT HDMI SPLITTER,7,NA
6922794730939,ACKBB VENTION HDMI TO VGA ADAPTER WITH AUDIO FLAT CABLE,1,PCS
6922794732285,AGBBB VENTION MICRO HDMI TO VGA CONVERTER,1,NA
6922794732292,AGABB VENTION MINI HDMI TO VGA ADAPTER 0.15METER,2,PCS
6922794733329,HBFBB VENTION DISPLAY PORT TO VGA ADAPTER MALE TO FEMALE 0.15METER,4,PCS
6922794733817,DBABF VENTION 2PORT VGA SPLITTER 1METER,10,PCS
6922794734500,BBMBY VENTION 3.5MM AUDIO SPLITTER MALE TO FEMALE 0.3METER,21,PCS
6922794734579,VAB-S17-B VENTION USB TO 3.5MM SOUND ADAPTER,18,PCS
6922794736375,HBGBB VENTION DISPLAY PORT TO HDMI ADAPTER MALE TO FEMALE 0.15METER,22,PCS
6922794737341,CDIB0 VENTION TYPE C/MICRO USB3.0 OTG ADAPTER,68,NA
6922794737938,AGDB0 VENTION MINI/MICRO HDMI TO HDMI ADAPTER MALE TO FEMALE,11,PCS
6922794737945,ECDB0 VENTION DVI TO HDMI ADAPTER MALE TO FEMALE,-1,PCS
6922794737952,ECCB0 VENTION HDMI TO DVI ADAPTER MALE TO FEMALE,4,NA
6922794739895,CDKHB VENTION USB TO 3.5MM SOUND ADAPTER 0.15METER,17,NA
6922794744622,AIBB0 VENTION HDMI A TO A LEFT ANGLE ADAPTER MALE TO FEMALE,10,NA
6922794744639,AICB0 VENTION HDMI A TO A RIGHT ANGLE ADAPTER MALE TO FEMALE,9,NA
6922794746114,TDDBB VENTION TYPE C TO VGA ADAPTER 0.15METER,8,NA
6922794746121,TDCBB VENTION TYPE C TO HDMI ADAPTER 0.15METER,1,NA
6922794747951,AIRB0 VENTION HDMI A TO A ADAPTER FEMALE TO FEMALE,3,NA
6922794752610,HBPB0 VENTION DISPLAY PORT TO HDMI CONVERTER MALE TO FEMALE,5,NA
6922794753891,CDSB0 VENTION USB 5.0 BLUETOOTH ADAPTER BLACK,70,NA
6934839121442,C062 SSK TYPE C TO VGA ADAPTER,22,NA
6934839121459,C063 SSK TYPE C TO HDMI+VGA ADAPTER,46,NA
6867102367103,"LILENG-819 6"" USB MINI DESK FAN",21,PCS
6934839121244,SHU830 SSK USB2.0 4 PORT USB HUB 1METER BLACK,81,PCS
6934839121565,SHU835 SSK USB3.0 4 PORT USB HUB 1METER BLACK,115,NA
100006438205,FR-701 JONSBO CASING FAN 120MM ARGB-4PIN,42,NA
100009115113,FR-925 JONSBO CASING FAN 90MM ARGB-3PIN,59,NA
100016849582,FR-901 JONSBO CASING FAN 120MM ARGB-4PIN,46,NA
6804780617823,CASE FAN CONTROL BOARD,5,PCS
6814978042849,COLOURED 15 LEDs CASING FAN 120MM WHITE,1,PCS
6821014927879,SAMA HALO7 CASING FAN 120MM RGB,39,NA
6834892230498,A12025-12CB-3BN-F1 COOLER MASTER CASE FAN 120MM,70,NA
6840174559003,SAMA HALO5 AMBILIGHT CASING FAN 120MM RGB-6PIN,4,PCS
6868187373157,RAINBOW LED CASING FAN 120MM,3,PCS
6899266472799,FR-701 JONSBO CASING FAN 120MM ARGB-3PIN,3,NA
6928968306306,R4-140R-15PC-R1 COOLER MASTER MASTERFAN MF140R CASING FAN 140MM ARGB,1,NA
6928968310778,MFL-B2DN-183PA-R1 COOLER MASTER MASTERFAN MF120 HALO CASING FAN PACK 120MM ARGB-3PIN,12,NA
6928968310785,MFL-B2DN-18NPA-R1 COOLER MASTER MASTERFAN MF120 HALO CASING FAN 120MM ARGB-3PIN,13,NA
6928968311010,MFX-B2DN-18NPA-R1 COOLER MASTER SICKLEFLOW 120 CASING FAN 120MM ARGB-3PIN,21,NA
6928968311744,MFL-B2DW-18NPA-R1 COOLER MASTER MASTERFAN MF120 HALO WHITE CASING FAN 120MM ARGB-3PIN,7,NA
6928968313045,MFY-B2DN-20NPA-R1 COOLER MASTER MASTERFAN MF120 PRISMATIC CASING FAN 120MM ARGB-3PIN,19,NA
6928968313137,MFY-B2DN-203PA-R1 COOLER MASTER MASTERFAN MF120 PRISMATIC CASING FAN PACK 120MM ARGB-3PIN,12,NA
6928968313571,MFL-B2DW-183PA-R1 COOLER MASTER MASTERFAN MF120 HALO WHITE CASING FAN PACK 120MM ARGB-3PIN,7,NA
6930788416851,SF520 SAMA THEMOON3 CASING FAN PACK 120MM ARGB-3PIN,4,NA
6930788480302,SF410 SAMA ICELANTERN2S CASING FAN 120MM,26,NA
6930788483259,SF510 SAMA THEMOON2 CASING FAN PACK 120MM ARGB-3PIN,23,NA
6930788483631,SF920 SAMA ICECOLOR3A WHITE CASING FAN 120MM ARGB,29,NA
6930788483860,SF502 SAMA THEMOON1A CASING FAN 120MM ARGB,23,NA
6930788483877,SF130 SAMA ICECAVERN4 BLACK CASING FAN PACK 120MM ARGB-3PIN,20,NA
6930788484010,SF420 SAMA ICELANTERN3A CASING FAN 120MM ARGB,53,NA
6930788484027,SF131 SAMA ICECAVERN4 WHITE CASING FAN PACK 120MM ARGB-3PIN,12,NA
6930788485345,SF810 SAMA ICECRYSTAL2A CASING FAN 120MM ARGB,36,NA
6930788485673,SAMA AURA5 CASING FAN PACK 120MM RGB-4PIN,2,PCS
6930788486922,SAMA AURA3 CASING FAN PACK 120MM RGB-6PIN,18,PCS
6930788487141,SF220 SAMA ICEWIND3 WHITE CASING FAN PACK 120MM ARGB-4PIN,6,NA
6930788487844,SF401 SAMA ICELANTERN1S CASING FAN 120MM,17,NA
6930788488414,SAMA STORM3 CASING FAN PACK 120MM RGB-6PIN,27,PCS
6930788488421,SF210 SAMA ICEWIND2 CASING FAN PACK 120MM ARGB-4PIN,12,NA
6930788489312,SF200 SAMA ICEWIND CASING FAN PACK 120MM-4PIN,10,NA
6933412710264,DEEPCOOL GAMER STORM MF120 FRAMELESS CASING FAN PACK 120MM RGB,4,PCS
6940526103899,PCCOOLER CORONA CASING FAN 120MM FRGB,4,PCS
6940526103981,PCCOOLER CORONA CASING FAN PACK 120MM FRGB,3,NA
6940526104421,PCCOOLER HALO CASING FAN PACK 120MM FRGB,13,NA
6940526105084,PCCOOLER BRIGHT MOON FX-120-3 CASING FAN 120MM SRGB,41,NA
4718466008633,LIAN LI PC O11 DYNAMIC CASING BLACK,2,NA
4718466008756,LIAN LI PC O11 AIR CASING BLACK,2,NA
6930788441877,SAMA MISTERHOLD G5 CASING BLACK,7,NA
4718466009203,LIAN LI LANCOOL II CASING BLACK,1,NA
4718466009210,LIAN LI LANCOOL II CASING WHITE,2,NA
4719512095256,MCM-H500-IGNN-S01 COOLER MASYER MASTERCASE H500 ARGB CASING,2,NA
4719512095522,MCB-D500D-KGNN-S01 COOLER MASTER MASTERBOX TD500 MESH CASING BLACK,1,NA
6805418000345,JONSBO U4 PLUS CASING BLACK,5,NA
6838882191509,JONSBO U4 PLUS CASING SILVER,2,NA
6930788440054,SAMA STRIPED-T GLASS EDITION CASING BLACK,4,NA
6930788442133,SAMA MASTERYI STEEL CASING BLACK,10,NA
6930788443123,SAMA MASTERYI STEEL CASING WHITE,10,NA
6930788444151,SAMA ROSEFINCH GAMING CASING BLACK (FREE 3PCS 140MM RGB FANS),21,NA
6930788444755,SAMA MASTERYI STEEL CASING LIMITED EDITION PINK,1,NA
6930788445684,SAMA TANK3 CASING BLACK,4,NA
6930788445875,SAMA SWORDMON7 CASING BLACK,13,NA
6930788446025,SAMA DIABLO X7 CASING WHITE,7,NA
6930788446421,SAMA SWORDMON GAMING CASING LIMITED EDITION WHITE,8,NA
6930788446643,SAMA RUBAN5 CASING TITANIUM GREY,11,NA
6930788446766,SAMA DIABLO X5 CASING BLACK,5,NA
6930788446926,SAMA KINGKONG STANDARD CASING BLACK,23,NA
6930788447404,SAMA KINGKONG5/VERSAILLES CASING BLACK,18,NA
6930788447633,SAMA SWORDMON 3 CASING LIMITED EDITION PINK,11,NA
6930788448470,SAMA RUBAN3 STANDARD CASING BLACK (FREE 2PCS 200MM RGB FANS),15,NA
6930788448524,SAMA SAIN1 CASING BLACK,29,PCS
6930788448913,SAMA ACE MID CASING BLACK,27,PCS
6930788449040,SAMA KINGKONG5/VERSAILLES CASING BLACK,36,NA
6930788449194,SAMA SWORDMON ENHANCED RGB CASING BLACK,6,NA
6930788449415,SAMA RUBAN1 CASING BLACK,6,NA
6930788449576,SAMA RUBAN7 CASING BLACK,1,NA
6930788453337,SAMA ORIGOD SNOW CASING WHITE,7,NA
4718466009722,LIAN LI O11 DYNAMIC MINI CASING BLACK,2,NA
4718466009814,LIAN LI O11 DYNAMIC MINI CASING WHITE,2,NA
6930788440122,SAMA FUN-IM CASING WHITE,4,NA
6930788444328,SAMA RATEL U1 CASING BLACK,10,NA
6930788445790,SAMA RATEL U6 CASING BLACK (FREE 1PC 200MM ARGB FAN),7,NA
6930788447244,SAMA FUN-IS GAMING CASING BLACK,2,NA
6930788448456,SAMA FUN-IM CASING TITANIUM GREY,8,NA
6930788449187,SAMA RATEL M3 GAMING EDITION CASING BLACK,1,NA
6930788449248,SAMA TANK3 MINI CASING BLACK,7,NA
6930788449491,SAMA RATEL M7 MINI TURBINE EDITION CASING BLACK,3,NA
6930788449620,SAMA RATEL M1 GAMING EDITION CASING BLACK,3,NA
6930788453566,SAMA MASTERYI S1 CASING WHITE,2,NA
6930788458882,SAMA MASTERYI S1 CASING BLACK,7,NA
6930788486793,SAMA RATEL M5 GAMING CASING BLACK,7,NA
100012392609,JONSBO LB-30 UNIVERSAL ARGB LED STRIP,10,NA
100016316062,JONSBO DY-1 ARGB EXTENSION CABLE 24PIN CONNECTOR 200MM,13,NA
4718466009302,LIAN LI STRIMER PLUS GEN2 RGB EXTENSION CABLE 24PIN CONNECTOR 200MM,6,NA
4719512101490,MFW-ACHN-NNNNN-R1 COOLER MASTER MINI ADDRESSABLE RGB LED CONTROLLER,1,NA
6930788445462,SAMA FUN-IM GLASS SIDE WINDOW,12,NA
6930788449842,SAMA RUBAN & MASTERYI SERIES VERTICAL GRAPHICS CARD HOLDER PCIE,5,NA
6930788485956,SAMA MAGNETIC LED STRIP BLUE,5,PCS
5032037187077,i5-10400F INTEL CORE i5-10400F LGA1200 PROCESSOR,2,NA
5032037187138,i5-10400 INTEL CORE i5-10400 LGA1200 PROCESSOR,2,NA
5032037214841,i3-10105 INTEL CORE i3-10105 LGA1200 PROCESSOR,2,NA
5032037214889,i5-11500 INTEL CORE i5-11500 LGA1200 PROCESSOR,2,NA
5032037214902,i5-11400 INTEL CORE i5-11400 LGA1200 PROCESSOR,5,NA
5032037214940,i7-11700 INTEL CORE i7-11700 LGA1200 PROCESSOR,1,NA
5032037214964,i7-11700K INTEL CORE i7-11700K LGA1200 PROCESSOR,1,NA
5032037215510,i3-10105F INTEL CORE i3-10105F LGA1200 PROCESSOR,3,NA
5032037215534,i5-11400F INTEL CORE i5-11400F LGA1200 PROCESSOR,1,PCS
5032037215626,i9-11900F INTEL CORE i9-11900F LGA1200 PROCESSOR,1,NA
5032037215640,i9-11900KF INTEL CORE i9-11900KF LGA1200 PROCESSOR,1,NA
5032037234047,i7-12700KF INTEL CORE i7-12700KF LGA1700 PROCESSOR,1,NA
5032037234641,i9-12900K INTEL CORE i9-12900K LGA1700 PROCESSOR,1,NA
5032037237741,i5-12400 INTEL CORE i5-12400 LGA1700 PROCESSOR,2,NA
5032037237758,i5-12400F INTEL CORE i5-12400F LGA1700 PROCESSOR,1,NA
5032037237826,i7-12700F INTEL CORE i7-12700F LGA1700 PROCESSOR,2,NA
5032037237840,i7-12700 INTEL CORE i7-12700 LGA1700 PROCESSOR,2,NA
5032037238458,i3-12100 INTEL CORE i3-12100 LGA1700 PROCESSOR,1,NA
5032037238564,i5-12500 INTEL CORE i5-12500 LGA1700 PROCESSOR,1,NA
5032037238731,i3-12100F INTEL CORE i3-12100F LGA1700 PROCESSOR,2,NA
730143311731,ATHLON 3000G AMD PROCESSOR AM4,2,PCS
730143312042,RYZEN 5 5600X AMD PROCESSOR AM4,3,NA
730143312738,RYZEN 9 5900X AMD PROCESSOR AM4,1,NA
730143312745,RYZEN 9 5950X AMD PROCESSOR AM4,2,NA
730143314121,RYZEN 5 5500 AMD PROCESSOR AM4,2,NA
100007445267,JONSBO CR-1000 PLUS RGB CPU COOLER,15,NA
100008357592,JONSBO CR-1100 GREY ARGB CPU COOLER,2,NA
100008921100,JONSBO CR-1000 GT ARGB CPU COOLER,1,NA
100009910600,JONSBO CR-2000 GT ARGB CPU COOLER,2,NA
4571225057606,SCMG-5102AR SCYTHE MUGEN 5 ARGB PLUS CPU COOLER,1,NA
4719512058442,RR-ACCY-AM4B-R1 COOLER MASTER AM4 MOUNTING KIT HYPER 212 LED,1,PCS
4719512109823,MAP-T6PN-218PA-R1 COOLER MASTER MASTERAIR MA610P ARGB CPU COOLER,1,NA
6884628859080,JONSBO MX400 ARGB CPU COOLER,9,NA
6892967825826,TJ400ARGB TJ400 ARGB CPU COOLER,1,NA
6930788480708,SC510 SAMA ICEARMOR2A CPU COOLER,5,NA
6930788485529,SC330 SAMA ICESNOW125 CPU COOLER,28,NA
6933412726333,DEEPCOOL NEPTWIN RGB CPU COOLER,1,PCS
6933412726470,DP-MCH4-GMX400-XT DEEPCOOL GAMMAXX 400 XT COLOR CPU COOLER BLACK,7,NA
6933412726968,DP-MCH4-GMX-GTE-V2WH DEEPCOOL GAMMAXX GTE V2 WHITE CPU COOLER,2,NA
6933412727040,DP-MCH4-GMX400PRO-BL DEEPCOOL GAMMAXX 400 PRO CPU COOLER,18,NA
6940526103066,PCCOOLER EAST SEA X4S RGB CPU COOLER,13,NA
6940526111061,PCCOOLER EAST SEA GI-D56A RGB CPU COOLER,3,PCS
6940526111139,PCCOOLER EAST SEA GI-D66A RGB CPU COOLER,3,NA
6940526111290,PCCOOLER EAST SEA GI-D66A ARGB CPU COOLER,3,NA
6940526111498,PCCOOLER EAST SEA X4 RGB CPU COOLER,1,PCS
6940526111733,PCCOOLER JAWS PRO CPU COOLER SRGB,26,NA
100006878655,JONSBO ANGELEYES TW2-240 PRO ARGB LIQUID COOLER,3,NA
100012552970,JONSBO ANGELEYES TW2-120 PRO ARGB LIQUID COOLER,2,NA
100013674028,JONSBO ANGELEYES TW2-240 PRO COLOR LIQUID COOLER,3,NA
100013927558,JONSBO SHADOW 240 COLOR LIQUID COOLER,7,NA
100020799050,JONSBO SHADOW 240 ARGB LIQUID COOLER WHITE,1,NA
4719512097632,MLW-D36M-A18PA-R2 COOLER MASTER MASTERLIQUID ML360L ARGB V2 LIQUID COOLER,3,PCS
6852928140009,JONSBO SHADOW 240 VER2.0 ARGB LIQUID COOLER BLACK,15,NA
6930788411122,SL222 SAMA ICECOLOR360W ARGB LIQUID COOLER WHITE EDITION,3,NA
6930788488025,SL201 SAMA ICECOLOR240A LIQUID COOLER BLACK,12,NA
6930788489756,SL221 SAMA ICECOLOR240W ARGB LIQUID COOLER WHITE EDITION,9,NA
6933412726609,DP-GS-H12AR-CSL240V2 DEEPCOOL GAMER STORM CASTLE 240RGB V2 LIQUID COOLER,9,NA
6933412726654,DP-H12RF-GL120V2C DEEPCOOL GAMMAXX L120 V2 LIQUID COOLER WITH RGB FAN,3,NA
6933412727163,DP-H12CF-GL240-ARGB DEEPCOOL GAMMAXX L240 ARGB LIQUID COOLER,3,NA
6933412727170,DP-H12CF-GL360-ARGB DEEPCOOL GAMMAXX L360 ARGB LIQUID COOLER,3,NA
6940526105862,PCCOOLER BIG WAVE GI-CL240VC ARGB LIQUID COOLER,6,NA
4719512077757,MGX-ZOSG-N15M-R2 COOLER MASTER MASTERGEL REGULAR THERMAL COMPOUND,3,NA
4719512077764,MGZ-NDSG-N15M-R2 COOLER MASTER MASTERGEL MAKER THERMAL COMPOUND,21,NA
4719512096901,MGY-ZOSG-N15M-R3 COOLER MASTER MASTERGEL PRO V2 THERMAL COMPOUND,4,NA
6933412700111,R-EX750-GY030C-G-1 DEEPCOOL EX750 THERMAL COMPOUND,47,NA
4710180099362,"ET322QK AWMIIPX ACER 31.5"" 4K LCD MONITOR",3,PCS
4710180108026,"KA220HQ ACER 21.5"" LCD MONITOR",4,NA
4710886429821,"KA222Q ACER 21.5"" LCD MONITOR",5,NA
4710886618393,"K242HYLH BUNDLE PINENG PN-857-ACER 23.8"" LCD MONITOR",3,NA
4710886840336,"SA271 ACER 27"" LCD MONITOR",4,NA
5397184505090,"SE2722H DELL 27"" LCD MONITOR",1,NA
8712581731915,"243V5QHSBA PHILIPS 23.6"" LCD MONITOR",4,PCS
8712581763671,"241V8/69 PHILIP 23.8"" LCD MONITOR",1,NA
8806088232102,"LC24F390FHEXXM SAMSUNG 23.5"" CF390 CURVED LCD MONITOR",20,PCS
8806088232157,"LC27F390FHEXXM SAMSUNG 27"" CF390 CURVED LCD MONITOR",14,PCS
8806090397103,"LU28R550UQEXXS SAMSUNG 28"" 4K LCD MONITOR",1,NA
8806090572074,"LC27T550FDEXXM SAMSUNG 27"" T55 CURVED LCD MONITOR WITH 1000R CURVED SCREEN",1,NA
8806090677519,"LF27T350FHEXXM SAMSUNG 27"" T35F LCD MONITOR",6,NA
8806090687969,"LF24T350FHEXXM SAMSUNG 24"" T35F LCD MONITOR",40,NA
8806090760761,"LS27AM500NEXXS SAMSUNG 27"" M5 SMART MONITOR",1,NA
8806090760778,"LS32AM500NEXXS SAMSUNG 32"" M5 SMART MONITOR",2,NA
8806091127051,"22MN430M LG 21.5"" LCD MONITOR",5,NA
8806091264831,"24MP400-B LG  23.8"" LCD MONITOR",11,NA
8806091295750,"29WN600 LG 29"" ULTRAWIDE WFHD HDR10 MONITOR",7,NA
4710180062199,"XV272U PBMIIPRZX BUNDLE PINENG PN-857-ACER NITRO 27"" GAMING LCD MONITOR",3,NA
4710180733464 ,"XV240YP ACER NITRO 23.8"" GAMING LCD MONITOR",2,NA
4710180824797,"ED320QRP BUNDLE PINENG PN-857-ACER NITRO 31.5"" CURVED GAMING LCD MONITOR",2,NA
4710886373377,"QG241YP BUNDLE PINENG PN-857-ACER NITRO QG1 23.8"" GAMING LCD MONITOR",5,NA
4710886448228,"ED270RP BUNDLE PINENG PN-857-ACER NITRO 27"" CURVED GAMING LCD MONITOR",2,NA
4710886817208,"EI242QRP BUNDLE PINENG PN-857-ACER NITRO 23.6"" CURVED GAMING LCD MONITOR",6,NA
4713883988193,"VG240Y BUNDLE PINENG PN-857-ACER NITRO 23.8"" GAMING LCD MONITOR",4,PCS
4713883988216,"VG270 BMIIX BUNDLE PINENG PN-857-ACER NITRO 27"" GAMING LCD MONITOR",10,PCS
6628159880669,LCD SCREEN CLEANING KIT,2,PCS
6943223100185,SP2 (NB) NORTH BAYOU FULL MOTION TV WALL MOUNT,11,NA
6943223104992,AVA1500-60-1P (NB) NORTH BAYOU PORTABLE TV TROLLEY MOBILE STAND,12,NA
6943223110382,F80 (NB) NORTH BAYOU GAS STRUT SINGLE MONITOR MOUNT,1,NA
6943223110405,F160 (NB) NORTH BAYOU GAS STRUT DUAL MONITOR MOUNT,29,NA
6943223110641,H160 (NB) NORTH BAYOU GAS STRUT DUAL MONITOR MOUNT,1,NA
6943223110979,DF6 (NB) NORTH BAYOU FULL MOTION TV WALL MOUNT,14,NA
619659115890,SDCZ600-032G-G35 SANDISK CRUZER GLIDE 32GB USB3.0 DRIVE,29,PCS
619659115906,SDCZ600-064G-G35 SANDISK CRUZER GLIDE 64GB USB3.0 DRIVE,19,PCS
619659115913,SDCZ600-128G-G35 SANDISK CRUZER GLIDE 128GB USB3.0 DRIVE,8,PCS
619659136697,SDCZ73-032G-G46 SANDISK ULTRA FLAIR 32GB USB3.0 DRIVE,45,PCS
619659136703,SDCZ73-064G-G46 SANDISK ULTRA FLAIR 64GB USB3.0 DRIVE,30,PCS
619659136710,SDCZ73-128G-G46 SANDISK ULTRA FLAIR 128GB USB3.0 DRIVE,16,PCS
619659142049,SDDDC2-032G-G46 SANDISK ULTRA DUAL C 32GB OTG U/DRIVE,23,PCS
619659142063,SDDDC2-128G-G46 SANDISK ULTRA DUAL C 128GB OTG U/DRIVE,17,PCS
619659149598,SDDD3-032G-G46 SANDISK ULTRA DUAL 32GB M3.0 OTG DRIVE,3,PCS
619659149642,SDDD3-064G-G46 SANDISK ULTRA DUAL 64GB M3.0 OTG DRIVE,6,PCS
619659149697,SDDD3-128G-G46 SANDISK ULTRA DUAL 128GB M3.0 OTG DRIVE,5,PCS
619659152512,SDCZ880-128G-G46 SANDISK EXTREME PRO 128GB USB3.1 DRIVE,1,PCS
619659152826,SDCZ880-256G-G46 SANDISK EXTREME PRO 256GB USB3.1 DRIVE,1,PCS
619659154189,SDCZ73-256G-G46 SANDISK ULTRA FLAIR 256GB USB3.0 DRIVE,6,PCS
619659154400,SDDD3-256G-G46 SANDISK ULTRA DUAL 256GB M3.0 OTG DRIVE,2,PCS
619659154844,SDDDC2-256G-G46 SANDISK ULTRA DUAL C 256GB OTG U/DRIVE,6,PCS
619659181437,SDIX90N-128G-GN6NE SANDISK IXPAND FLASH DRIVE FLIP 128GB USB3.1 DRIVE,5,NA
740617211719,DT100G3/32GB KINGSTON DATA TRAVELER 100 G3 32GB USB3.0 DRIVE,21,PCS
740617211726,DT100G3/64GB KINGSTON DATA TRAVELER 100 G3 64GB USB3.0 DRIVE,15,PCS
740617249231,DT100G3/128GB KINGSTON DATA TRAVELER 100 G3 128GB USB3.0 DRIVE,30,NA
740617305234,DT70/32GB KINGSTON DATA TRAVELER 70 32GB USB-C DRIVE,4,NA
740617305302,DT70/64GB KINGSTON DATA TRAVELER 70 64GB USB-C DRIVE,3,NA
740617305371,DT70/128GB KINGSTON DATA TRAVELER 70 128GB USB-C DRIVE,1,NA
740617309720,DTX/32GB KINGSTON DATA TRAVELER EXODIA 32GB USB3.2 DRIVE,106,NA
740617309829,DTX/64GB KINGSTON DATA TRAVELER EXODIA 64GB USB3.2 DRIVE,43,NA
740617309928,DTX/128GB KINGSTON DATA TRAVELER EXODIA 128GB USB3.2 DRIVE,7,NA
740617310023,DTX/256GB KINGSTON DATA TRAVELER EXODIA 256GB USB3.2 DRIVE,4,NA
619659167837,SDSQXCZ-256G-GN6MA SANDISK 256GB EXTREME PRO MICRO SD CLASS 10 CARD,2,PCS
619659169299,SDSDXXY-064G-GN4IN SANDISK 64GB EXTREME PRO SD CLASS 10 CARD,4,PCS
619659169794,SDSQXCY-064G-GN6MA SANDISK 64GB EXTREME PRO MICRO SD CLASS 10 CARD,3,PCS
619659169817,SDSQXCY-128G-GN6MA SANDISK 128GB EXTREME PRO MICRO SD CLASS 10 CARD,4,PCS
619659170325,SDSDXXY-128G-GN4IN SANDISK 128GB EXTREME PRO SD CLASS 10 CARD,3,PCS
619659170622,SDSDXV5-128G-GNCIN SANDISK 128GB EXTREME SD CLASS 10 CARD,2,PCS
619659170684,SDSDXV6-064G-GNCIN SANDISK 64GB EXTREME SD CLASS 10 CARD,5,PCS
619659180027,SDSQXA2-064G-GN6MN SANDISK 64GB EXTREME MICRO SD CLASS 10 CARD,3,NA
619659180034,SDSQXA1-128G-GN6MN SANDISK 128GB EXTREME MICRO SD CLASS 10 CARD,6,NA
619659180041,SDSQXA1-256G-GN6MN SANDISK 256GB EXTREME MICRO SD CLASS 10 CARD,5,NA
619659181666,SDSQUA4-064G-GN6MN SANDISK 64GB ULTRA MICRO SD CLASS 10 CARD,27,NA
619659181673,SDSQUA4-128G-GN6MN SANDISK 128GB ULTRA MICRO SD CLASS 10 CARD,7,NA
619659181680,SDSQUA4-256G-GN6MN SANDISK 256GB ULTRA MICRO SD CLASS 10 CARD,8,NA
619659184162,SDSQUA4-032G-GN6MN SANDISK 32GB ULTRA MICRO SD CLASS 10 CARD,36,NA
619659185282,SDSDUNR-064G-GN3IN SANDISK 64GB ULTRA SD CLASS 10 CARD,3,NA
619659185299,SDSDUNR-128G-GN3IN SANDISK 128GB ULTRA SD CLASS 10 CARD,3,NA
740617298680,SDCS2/32GB KINGSTON 32GB MICRO SD PLUS CLASS 10 CARD,117,PCS
740617298697,SDCS2/64GB KINGSTON 64GB MICRO SD PLUS CLASS 10 CARD,33,PCS
740617298703,SDCS2/128GB KINGSTON 128GB MICRO SD PLUS CLASS 10 CARD,13,PCS
740617298710,SDCS2/256GB KINGSTON 256GB MICRO SD PLUS CLASS 10 CARD,8,PCS
6656793313700,CARD-R602 ALL IN 1 USB2.0 CARD READER,12,NA
6934839111603,SCRM060 SSK USB2.0 CARD READER WHITE,210,NA
6934839121398,SCRM331 SSK USB3.0 CARD READER BLUE,206,NA
4711081320227,TUF-GTX1660Ti-O6G-EVO ASUS TUF GTX1660Ti EVO OC 6GB DDR6 192BIT GRAPHICS CARD,2,NA
4711081562573,DUAL-RTX2060-O12G-EVO ASUS DUAL RTX2060 EVO OC 12GB DDR6 192BIT GRAPHICS CARD,2,NA
4718017551618,TUF-GTX1660S-O6G-GAMING ASUS TUF GTX1660 SUPER OC 6GB DDR6 192BIT GRAPHICS CARD,3,NA
4718017806824,TUF-GTX1650-O4GD6-P ASUS TUF GTX1650 OC 4GB DDR6 128BIT GRAPHICS CARD,1,NA
4719331301699,GV-N1030OC-2GI GIGABYTE GT1030 OC 2GB DDR5 64BIT GRAPHICS CARD,4,PCS
4719331301750,GV-N730D5-2GL GIGABYTE GT730 2GB DDR5 64BIT GRAPHIC CARD,1,NA
4719331304454,GV-N166TOC-6GD GIGABYTE GTX1660Ti OC 6GB DDR6 192BIT GRAPHICS CARD,2,NA
4719331305895,GV-N1650OC-4GL GIGABYTE GTX1650 OC LOW PROFILE 4G 4GB DDR5 128BIT GRAPHICS CARD,2,NA
4719331309190,GV-N2060D6-6GD GIGABYTE RTX2060 D6 6GB DDR6 192BIT GRAPHICS CARD,1,NA
4719331309305,GV-N3060EAGLE OC-12GD GIGABYTE RTX3060 EAGLE OC 12GB DDR6 192BIT GRAPHICS CARD,2,NA
4895173621727,ZT-T16520F-10L ZOTAC GTX1650 OC 4GB DDR6 128BIT GRAPHICS CARD,1,NA
4895173624148,ZT-A30710B-10P ZOTAC RTX3070TI AMP EXTREME HOLO 8GB DDR6X 256BIT GRAPHIC CARD,2,NA
4895223101377,N16502-04D6X-1177VA2 INNO3D GTX1650 TWIN X2 OC 4GB DDR6 128BIT GRAPHICS CARD,1,NA
6970417123965,GTX1650-4GD6 OC ZOTAC GTX1650 4GB DDR6 128BIT GRAPHICS CARD,1,NA
6970417124054,GTX1650-4GD6 TSI ZOTAC GTX1650 4GB DDR6 128BIT GRAPHICS CARD,1,NA
097855059253,LOGITECH EXTREME 3D PRO JOYSTICK,5,PCS
097855070050,LOGITECH F310 USB GAMEPAD,1,PCS
097855071910,LOGITECH F710 WIRELESS GAMEPAD,10,PCS
097855142009,LOGITECH G502 HERO WIRED GAMING MOUSE,2,PCS
194850855931,HP OMEN 400 WIRED GAMING MOUSE,17,NA
6802854728475,RGB EXTENDED MOUSE PAD EXTRA LARGE (900MM*400MM),70,NA
6825842389878,RGB EXTENDED MOUSE PAD (800MM*300MM),42,PCS
6839200574691,HP OMEN 400 WIRED GAMING MOUSE,2,PCS
6920377900144,LOGITECH G440 HARD GAMING MOUSE PAD,3,NA
6920377901691,LOGITECH G302 DAEDALUS PRIME WIRED GAMING MOUSE,13,PCS
6920377905040,LOGITECH G213 PRODIGY WIRED GAMING KEYBOARD,2,NA
6920377905965,LOGITECH G90 WIRED GAMING MOUSE,13,NA
6920377907761,LOGITECH G304 LIGHTSPEED WIRELESS GAMING MOUSE BLACK,15,NA
6920377907778,LOGITECH G304 LIGHTSPEED WIRELESS GAMING MOUSE WHITE,8,NA
6920377911690,LOGITECH G102 PRODIGY WIRED GAMING MOUSE BLACK,25,NA
6920377911706,LOGITECH G102 PRODIGY WIRED GAMING MOUSE WHITE,9,NA
6920377911843,LOGITECH G102 PRODIGY WIRED GAMING MOUSE LIMITED EDITION PURPLE,2,NA
6920377912888,LOGITECH G304 LIGHTSPEED WIRELESS GAMING MOUSE LIMITED EDITION PURPLE,3,NA
6940056117342,RAPOO V530 BACKLIT MECHANICAL GAMING KEYBOARD,3,NA
6940056174659,RAPOO V25S WIRED GAMING MOUSE STARRY BLACK,3,NA
6940056177278,RAPOO V600S WIRELESS GAMEPAD BLACK,3,NA
6940056178039,RAPOO V20PRO WIRED GAMING MOUSE BLACK,1,NA
6940056183651,RAPOO V750 BACKLIT MECHANICAL GAMING KEYBOARD,5,NA
6940056186478,RAPOO V780S BACKLIT MECHANICAL GAMING KEYBOARD,5,NA
6940056195326,RAPOO V52PRO BACKLIT GAMING KEYBOARD,1,NA
6940056196972,RAPOO V820 RGB BACKLIT MECHANICAL GAMING KEYBOARD,2,NA
6940056197887,RAPOO V800RGB BACKLIT MECHANICAL GAMING KEYBOARD,2,NA
6940056198440,RAPOO VT30 WIRED GAMING MOUSE BLACK,8,NA
6948391225012,HP G200 WIRED GAMING MOUSE,27,PCS
6948391225067,HP G100 WIRED GAMING MOUSE,1,PCS
6948391225395,HP G260 WIRED GAMING MOUSE,75,PCS
6948391225418,HP M200 WIRED GAMING MOUSE,2,PCS
6948391225494,HP G260 WIRED GAMING MOUSE,36,NA
6948391225517,HP M160 RGB WIRED GAMING MOUSE BLACK,1,NA
6948391225760,HP M220 RGB WIRED GAMING MOUSE,22,NA
6948391226033,HP GK100F MECHANICAL GAMING KEYBOARD,2,NA
6948391226545,HP K300 WIRED GAMING KEYBOARD,14,PCS
6948391226682,HP GK100 MECHANICAL GAMING KEYBOARD,6,NA
6948391226910,HP GK400F RGB MECHANICAL GAMING KEYBOARD,2,NA
8886411981754,MKA-11R RGB RAPTOR ARMAGGEDDON MKA-11R GAMING KEYBOARD,9,PCS
8886411987671,SMK-12R ARMAGGEDDON SMK-12R RGB KESTREL WIRED GAMING KEYBOARD,1,NA
8886411988111,ARMAGGEDDON MKA-7C PSYCHEAGLE 2021 BLACK GAMING KEYBOARD,1,NA
8886419318095,RZ02-02500300-R3M1 RAZER GOLIATHUS EXTENDED CHROMA GAMING MOUSE PAD,2,PCS
8886419318545,RZ02-03330300-R3M1 RAZER GIGANTUS V2-LARGE GAMING MOUSE PAD,1,NA
8886419332695,RZ01-03050100-R3A1 RAZER PROMO-RAZER VIPER ULTIMATE GAMING MOUSE,2,NA
8886419332770,RZ01-03170100-R3A1 RAZER BASILISK ULTIMATE WIRELESS GAMING MOUSE,1,NA
8886419332831,RZ01-03150100-R3A1 RAZER PROMO-RAZER BASILISK X HYPERSPEED WIRELESS GAMING MOUSE,5,NA
8886419332855,RZ01-03210100-R3M1 RAZER PROMO-RAZER DEATHADDER V2 ERGONOMIC GAMING MOUSE,1,NA
8886419332886,RZ01-03250100-R3M1 RAZER PROMO-RAZER VIPER MINI GAMING MOUSE,3,NA
8886419332985,RZ01-03350100-R3A1 RAZER PROMO-RAZER DEATHADDER V2 PRO WIRELESS GAMING MOUSE,2,NA
8886419333036,RZ01-03420100-R3A1 RAZER NAGA PRO WIRELESS GAMING MOUSE,2,NA
8886419333135,RZ01-03580100-R3M1 RAZER VIPER 8KHZ WIRED GAMING MOUSE,2,NA
8886419333159,RZ01-03590100-R3M1 RAZER NAGA X ERGONOMIC MMO WIRED GAMING MOUSE,1,NA
8886419333234,RZ01-03730100-R3A1 RAZER OROCHI V2 WIRELESS GAMING MOUSE,2,NA
8886419333401,RZ01-03730400-R3A1 RAZER OROCHI V2 WHITE WIRELESS GAMING MOUSE,1,NA
8886419333487,RZ01-04000100-R3M1 RAZER PROMO-RAZER BASILISK V3 WIRED GAMING MOUSE WITH RAZER CHROMA RGB,1,NA
8886419333623,RZ01-04130100-R3A1 RAZER DEATHADDER V2 X HYPERSPEED GAMING MOUSE,1,NA
8886419345060,RZ03-02860100-R3M1 RAZER PROMO-RAZER BLACKWIDOW MECHANICAL GAMING KEYBOARD,2,NA
8886419345343,RZ03-03080100-R3M1 RAZER HUNTSMAN TOURNAMENT EDITION GAMING KEYBOARD,1,NA
8886419345770,RZ03-03400100-R3M1 RAZER PROMO-RAZER CYNOSA V2 MEMBRANE RGB GAMING KEYBOARD,1,NA
8886419346340,RZ03-03540100-R3M1 RAZER BLACKWIDOW V3 GREEN SWITCH MECHANICAL GAMING KEYBOARD,1,NA
8886419347453,RZ03-03930300-R3M1 RAZER HUNTSMAN V2 GAMING KEYBOARD,2,NA
8886419347491,RZ03-03940300-R3M1 RAZER HUNTSMAN V2 TENKEYLESS GAMING KEYBOARD,1,NA
097855067098,LOGITECH K120 WIRED KEYBOARD,7,PCS
4949268706124,CTL-6100WL/K0-CX WACOM INTUOS MEDIUM BLACK WITH BLUETOOH,1,PCS
6605039781179,NUMERIC KEYPAD-USB,12,PCS
6884996227320,ARABIC WIRED KEYBOARD USB,7,PCS
6920377902162,LOGITECH K480 MULTI-DEVICE BLUETOOTH WIRELESS KEYBOARD BLACK,11,NA
6920377902179,LOGITECH K480 MULTI-DEVICE BLUETOOTH WIRELESS KEYBOARD WHITE,17,NA
6920377903534,LOGITECH K400 PLUS WIRELESS TOUCH KEYBOARD BLACK (PC TO TV CONTROL),12,PCS
6920377904203,LOGITECH K380 MULTI-DEVICE BLUETOOTH WIRELESS KEYBOARD BLACK,9,NA
6920377904227,LOGITECH K380 MULTI-DEVICE BLUETOOTH WIRELESS KEYBOARD RED,8,NA
6920377904906,LOGITECH K780 MULTI-DEVICE WIRELESS KEYBOARD BLACK,12,NA
6920377909734,LOGITECH K380 MULTI-DEVICE BLUETOOTH WIRELESS KEYBOARD PEARL WHITE,7,NA
6920377909741,LOGITECH K380 MULTI-DEVICE BLUETOOTH WIRELESS KEYBOARD BLOSSOM PINK,1,NA
6920377911201,LOGITECH K580 MULTI-DEVICE BLUETOOTH WIRELESS KEYBOARD BLACK,17,NA
6920377911218,LOGITECH K580 MULTI-DEVICE BLUETOOTH WIRELESS KEYBOARD WHITE,9,NA
6940056187826,RAPOO K2800 WIRELESS TOUCH KEYBOARD,4,PCS
6957659003644,FUDE iK8300 BLUETOOTH KEYBOARD BLACK,23,PCS
6957659004115,FUDE iK8500 BLUETOOTH KEYBOARD BLACK,6,PCS
097855069429,LOGITECH MK200 WIRED KEYBOARD MOUSE COMBO BLACK,3,PCS
097855078001,LOGITECH MK220 WIRELESS KEYBOARD MOUSE COMBO,163,PCS
097855078605,LOGITECH MK270 WIRELESS KEYBOARD MOUSE COMBO BLACK,304,PCS
6920377902339,LOGITECH MK345 WIRELESS KEYBOARD MOUSE COMBO,4,PCS
6920377904661,LOGITECH MK235 WIRELESS KEYBOARD MOUSE COMBO,29,NA
6920377907648,LOGITECH MK540 ADVANCED WIRELESS KEYBOARD MOUSE COMBO BLACK,18,PCS
6920377911188,LOGITECH MK470 WIRELESS KEYBOARD MOUSE COMBO BLACK,19,NA
6920377911195,LOGITECH MK470 SLIM WIRELESS KEYBOARD MOUSE COMBO WHITE,7,NA
6920377912949,LOGITECH MK710 PERFORMANCE WIRELESS KEYBOARD MOUSE COMBO,12,NA
6940056179807,RAPOO 8200M BLUETOOTH KEYBOARD MOUSE COMBO BLACK,46,PCS
6940056179814,RAPOO 8200M BLUETOOTH KEYBOARD MOUSE COMBO WHITE,4,PCS
6940056180513,RAPOO X120S WIRED KEYBOARD MOUSE COMBO BLACK,80,PCS
6940056180964,RAPOO 8100M BLUETOOTH KEYBOARD MOUSE COMBO BLACK,7,PCS
6940056195357,RAPOO X1800PRO WIRELESS KEYBOARD MOUSE COMBO BLACK,44,NA
6940056195425,RAPOO 8100G BLUETOOTH KEYBOARD MOUSE COMBO BLACK,35,PCS
6940056195838,RAPOO 8100G BLUETOOTH KEYBOARD MOUSE COMBO WHITE,9,NA
6940056198549,RAPOO NX2100 SILENT WIRED KEYBOARD MOUSE COMBO BLACK,58,NA
097855069122,LOGITECH M705 MARATHON WIRELESS MOUSE,32,PCS
097855074607,LOGITECH M325 WIRELESS MOUSE BLACK,57,NA
190781055167,HP SPECTRE 500  BLUETOOTH MOUSE BLACK,1,PCS
6901443298020,CD20 HUAWEI BLUETOOTH MOUSE,48,NA
6920377901257,LOGITECH M186 WIRELESS MOUSE BLACK,368,PCS
6920377901264,LOGITECH M186 WIRELESS MOUSE BLUE,170,PCS
6920377901271,LOGITECH M186 WIRELESS MOUSE RED,96,PCS
6920377902209,LOGITECH M280 WIRELESS MOUSE BLACK,111,PCS
6920377902223,LOGITECH M280 WIRELESS MOUSE RED,25,PCS
6920377902230,LOGITECH M280 WIRELESS MOUSE BLUE,11,PCS
6920377904005,LOGITECH M336 WIRELESS BLUETOOTH MOUSE BLACK,21,PCS
6920377904425,LOGITECH M171 WIRELESS MOUSE BLACK,298,PCS
6920377904432,LOGITECH M171 WIRELESS MOUSE BLUE,185,PCS
6920377904449,LOGITECH M171 WIRELESS MOUSE RED,187,PCS
6920377904920,LOGITECH M720 TRIATHLON MULTI-DEVICE WIRELESS MOUSE BLACK,5,NA
6920377905132,LOGITECH M220 SILENT WIRELESS MOUSE BLUE,2,PCS
6920377905149,LOGITECH M220 SILENT WIRELESS MOUSE RED,5,PCS
6920377906924,LOGITECH M590 MULTI-DEVICE SILENT WIRELESS MOUSE GREY,2,NA
6920377906931,LOGITECH M590 MULTI-DEVICE SILENT WIRELESS MOUSE RED,3,NA
6920377908256,LOGITECH M110 SILENT WIRED MOUSE BLACK,21,NA
6920377909444,LOGITECH PEBBLE WIRELESS MOUSE WHITE,22,PCS
6920377909451,LOGITECH PEBBLE WIRELESS MOUSE PINK,41,NA
6920377909468,LOGITECH PEBBLE WIRELESS MOUSE BLACK,16,PCS
6920377909475,LOGITECH PEBBLE WIRELESS MOUSE LIMITED EDITION HAZE BLUE,33,NA
6920377909482,LOGITECH PEBBLE WIRELESS MOUSE LIMITED EDITION MINT GREEN,21,NA
6920377913328,LOGITECH M221 SILENT WIRELESS MOUSE LIMITED EDITION PEARL WHITE,38,NA
6920377913335,LOGITECH M221 SILENT WIRELESS MOUSE LIMITED EDITION BLOSSOM PINK,9,NA
6920377913373,LOGITECH M221 SILENT WIRELESS MOUSE LIMITED EDITION HAZE BLUE,20,NA
6920377913380,LOGITECH M221 SILENT WIRELESS MOUSE LIMITED EDITION MINT GREEN,70,NA
6920377913991,LOGITECH M380 VOICE WIRELESS MOUSE BLACK,4,NA
6920377914004,LOGITECH M380 VOICE WIRELESS MOUSE WHITE,6,NA
6940056180339,RAPOO N100 WIRED MOUSE BLACK,28,NA
6940056187543,RAPOO N820 SILENT WIRED MOUSE WHITE,11,NA
6940252364496,HP M10 WIRED MOUSE BLACK,157,PCS
6940252364502,HP M10 WIRED MOUSE WHITE,129,PCS
6957659001664,FUDE V8B BLUETOOTH MOUSE BLACK,4,PCS
6649112819328,ARABIC KEYBOARD STICKER,6,PCS
6835391071674,PC DEPOT MOUSE PAD BLACK,"7,903",NA
6897111005185,EXTENDED MOUSE PAD (800MM*300MM),14,NA
6898806287688,EXTENDED MOUSE PAD (900MM*400MM),29,NA
6945682500025,MOUSE PAD BLACK,591,PCS
4710483933783,Z590 STEEL LEGEND WIFI 6E ASROCK INTEL Z590 MOTHERBOARD MAINBOARD,1,NA
4711081125273,TUF B560M PLUS WIFI ASUS INTEL B560 MOTHERBOARD MAINBOARD,1,NA
4711081152132,PRIME H510M-K ASUS INTEL H510 MOTHERBOARD MAINBOARD,1,NA
4719072802868,MPG Z590 GAMING PLUS MSI INTEL Z590 MOTHERBOARD MAINBOARD,1,NA
4719072814328,B560M BOMBER MSI INTEL B560 MOTHERBOARD MAINBOARD,1,NA
4719072815868,H510M BOMBER MSI INTEL H510 MOTHERBOARD MAINBOARD,4,NA
4719331808327,Z490 AORUS MASTER GIGABYTE INTEL Z490 MOTHERBOARD MAINBOARD,1,NA
4719331808815,H470I AORUS PRO AX GIGABYTE INTEL H470 MOTHERBOARD MAINBOARD,1,NA
4719331814854,Z590 AORUS ELITE AX GIGABYTE  INTEL Z590 MOTHERBOARD MAINBOARD,1,NA
4710483935855,Z690 STEEL LEGEND DDR4 ASROCK INTEL Z690 MOTHERBOARD MAINBOARD,2,NA
4710483936500,B660M-HDV ASROCK INTEL B660 MOTHERBOARD MAINBOARD,3,NA
4710483936517,H610M-HDV/M.2 ASROCK INTEL H610 MOTHERBOARD MAINBOARD,2,NA
4711081516866,TUF GAMING B660M-PLUS WIFI D4 ASUS INTEL B660 MOTHERBOARD MAINBOARD,4,NA
4711081565505,PRIME H610M-K D4 ASUS INTEL H610 MOTHERBOARD MAINBOARD,1,NA
4718017748773,STRIX B550-F GAMING WIFI ASUS AMD B550 MOTHERBOARD MAINBOARD,1,NA
4718017755528,PRIME B550M-A  ASUS AMD B550 MOTHERBOARD MAINBOARD,2,NA
4719072741051,MPG B550 GAMING CARBON WIFI MSI AMD B550 MOTHERBOARD MAINBOARD,1,NA
6931474735027,HOCO Z39 FARSIGHTED QC3.0 2USB CAR CHARGER ADAPTER BLACK,21,NA
6931474735034,HOCO Z39 FARSIGHTED QC3.0 2USB CAR CHARGER ADAPTER BLUE,26,NA
6931474745569,BOROFONE BA57B EASY SPEED 1PD CHARGING ADAPTER,24,NA
6931474746627,HOCO NK2 DAVE QC3.0 2USB CHARGING ADAPTER,148,NA
6931474753816,HOCO NK5 SEAL QC3.0 1USB CHARGING ADAPTER,97,NA
6934839121022,SW001 SSK SMART WIRELESS ADAPTER,9,PCS
6957531070276,HOCO UA9 TYPE C OTG ADAPTER,47,PCS
6957531070283,HOCO UA10 MICRO USB3.0 OTG ADAPTER,95,PCS
6957531088899,HOCO C48 BREAKTHROUGH QC3.0 3USB CHARGING ADAPTER,152,PCS
6855051091552,XB03 PC DEPOT CHEST BAG DARK GREY,187,NA
6876865023126,XB03 PC DEPOT CHEST BAG LIGHT GREY,87,NA
6938828031903,PS-319 COOLBELL POSO CHEST BAG BLACK,11,NA
6938828035611,PS-356 COOLBELL POSO CHEST BAG BLACK,6,NA
6931474709141,HOCO X33 4A MICRO USB CABLE 1METER BLACK,87,PCS
6931474709158,HOCO X33 4A MICRO USB CABLE 1METER WHITE,93,PCS
6931474710581,HOCO U68 4A MICRO USB CABLE 1.2METER BLACK,51,NA
6931474710611,HOCO U68 GUSTO 5A TYPE C CABLE 1.2METER RED,100,NA
6931474715081,HOCO U74 GRAND LIGHTNING IPHONE CABLE 1.2METER RED,9,PCS
6931474719577,HOCO X43 SATELLITE LIGHTNING IPHONE CABLE 1METER WHITE,76,NA
6931474734754,HOCO X51 HIGH POWER 100W TYPE C TO TYPE C CABLE 1METER WHITE,53,NA
6931474734761,HOCO X51 HIGH POWER 100W TYPE C TO TYPE C CABLE 2METER WHITE,51,NA
6931474740892,HOCO X56 PD TO LIGHTNING IPHONE CABLE 1METER WHITE,33,NA
6931474746009,HOCO U95 FREEWAY 4 IN ONE PD CABLE 1.2METER BLACK,23,NA
6931474748737,HOCO X62 FORTUNE 5A TYPE C CABLE 1METER WHITE,36,NA
6931474754608,HOCO X66 HOWDY MICRO USB CABLE 1METER WHITE,36,NA
6931474754615,HOCO X66 HOWDY MICRO USB CABLE 1METER GREY,45,NA
6940268808212,A8142 ANKER POWERLINE+ MICRO USB ANDROID CHARGING CABLE 0.9M RED,16,PCS
6940268881994,A8436 ANKER POWERLINE II 3 IN ONE CABLE 0.9M,33,PCS
6957531054627,HOCO X11 CHARGING 5A TYPE C CABLE 1.2METER RED,3,PCS
6957531068877,HOCO X20 FLASH LIGHTNING IPHONE CABLE 2METER WHITE,10,NA
6957531068891,HOCO X20 FLASH MICRO USB CABLE 2METER WHITE,73,NA
6957531068914,HOCO X20 FLASH TYPE C CABLE 2METER WHITE,9,NA
6957531068938,HOCO X20 FLASH LIGHTNING IPHONE CABLE 3METER WHITE,40,NA
6957531068952,HOCO X20 FLASH MICRO USB CABLE 3METER WHITE,53,NA
6957531068976,HOCO X20 FLASH TYPE C CABLE 3METER WHITE,30,NA
6957531069331,HOCO U31 BENAY 3 IN ONE CABLE 1.2METER BLACK,21,NA
6957531069348,HOCO U31 BENAY 3 IN ONE CABLE 1.2METER RED,2,NA
6957531071969,HOCO X22 CHARGING 5A TYPE C CABLE 1METER BLACK,32,PCS
6957531074342,HOCO U37 LONG ROAM MICRO USB CABLE 1.2METER BLACK,4,PCS
6957531074359,HOCO U37 LONG ROAM MICRO USB CABLE 1.2METER RED,37,PCS
6957531096252,HOCO U55 OUTSTANDING LIGHTNING IPHONE CABLE 1.2METER RED,11,PCS
6957531096269,HOCO U55 OUTSTANDING LIGHTNING IPHONE CALE 1.2METER BLACK,32,NA
6957531096351,HOCO U53 4A MICRO USB CABLE 1.2METER RED,53,PCS
6957531096368,HOCO U53 4A MICRO USB CABLE 1.2METER BLACK,45,PCS
6936608601506,UIISII U6 WIRED EARPHONE BLACK,75,PCS
6936608601513,UIISII U6 WIRED EARPHONE WHITE,27,PCS
6936608601520,UIISII U6 WIRED EARPHONE RED,27,PCS
6936608601537,UIISII U7 WIRED EARPHONE BLACK,58,PCS
6936608601544,UIISII U7 WIRED EARPHONE WHITE,22,PCS
6936608601551,UIISII U7 WIRED EARPHONE RED,23,PCS
6936608603111,UIISII C300 WIRED EARPHONE BLACK,60,NA
6936608603128,UIISII C300 WIRED EARPHONE WHITE,68,NA
6957531072782,HOCO M30 GLARING WIRED EARPHONE RED,48,PCS
6957531072799,HOCO M30 GLARING WIRED EARPHONE METAL GREY,30,PCS
6957531072805,HOCO M30 GLARING WIRED EARPHONE ORANGE,21,PCS
6957531079767,HOCO M39 RHYME WIRED EARPHONE BLACK,83,PCS
6957531079774,HOCO M39 RHYME WIRED EARPHONE WHITE,53,PCS
6957531079781,HOCO M39 RHYME WIRED EARPHONE PINK,30,PCS
6957531085416,HOCO M44 MAGIC WIRED EARPHONE BLACK,1,PCS
6957531085423,HOCO M44 MAGIC WIRED EARPHONE RED,47,PCS
6957531085430,HOCO M44 MAGIC WIRED EARPHONE SILVER,6,PCS
6958444959122,EP-24 USAMS LIGHTNING EARPHONE,10,PCS
6686916751690,UIISII BN80 DUAL DRIVER SPORTS NECKBAND BLUETOOTH EARPHONE RED,1,PCS
6931474707475,HOCO ES29 GRACEFUL SPORTS BLUETOOTH EARPHONE BLACK,3,PCS
6931474707482,HOCO ES29 GRACEFUL SPORTS BLUETOOTH EARPHONE RED,7,PCS
6931474749789,HOCO ES58 SOUND TIDE SPORTS NECKBAND BLUETOOTH EARPHONE BLACK,30,NA
6931474749796,HOCO ES58 SOUND TIDE SPORTS NECKBAND BLUETOOTH EARPHONE BLUE,11,NA
6931474749802,HOCO ES58 SOUND TIDE SPORTS NECKBAND BLUETOOTH EARPHONE DARK GREEN,12,NA
6931474750273,HOCO ES56 SCOUT TWS BLUETOOTH HEADSET BLACK,37,NA
6931474750280,HOCO ES56 SCOUT TWS BLUETOOTH HEADSET WHITE,48,NA
6931474754905,HOCO EW07 LEADER TRUE TWS BLUETOOTH HEADSET BLACK,42,NA
6931474754912,HOCO EW07 LEADER TRUE TWS BLUETOOTH HEADSET WHITE,25,NA
6931474754929,HOCO EW07 LEADER TRUE TWS BLUETOOTH HEADSET PINK,10,NA
6936608600660,UIISII BN28 SPORTS NECKBAND BLUETOOTH EARPHONE BLACK,24,NA
6936608600677,UIISII BN28 SPORTS NECKBAND BLUETOOTH EARPHONE RED,19,NA
6957531055938,HOCO ES11 MARET NECKBAND BLUETOOTH EARPHONE BLACK,29,PCS
190781638254,1MR94AA HP STYLUS PEN,1,PCS
6690446549559,AP001 MINI HUMIDIFIER,8,NA
6890773480352,UNIVERSAL POWER BANK POUCH,77,PCS
6931474703682,HOCO CA48 AUTOMATIC WIRELESS CHARGING CAR HOLDER,6,PCS
6953156285101,WXZN-B01 BASEUS SMART BRACKET WIRELESS CHARGING CAR HOLDER,5,PCS
6957531091547,HOCO CA35 PLUS WIRELESS CHARGING CAR HOLDER,3,PCS
4712900720501,ASUS ZENPOWER SLIM 4000mAh POWER BANK BLACK,9,NA
6952202281968,PN-961 PINENG 10000mAh POWER BANK BLACK/WHITE,37,PCS
6952202281975,PN-962 PINENG 20000mAh POWER BANK BLACK/WHITE,145,PCS
6952202282088,PN-959 PINENG 20000mAh POWER BANK BLACKRED/BLACKGREEN/WHITE,105,PCS
6952202282491,PN-957 PINENG 10000mAh POWER BANK BLACK/WHITE,117,NA
6952202282514,PN-851 PINENG 10000mAh POWER BANK BLACK/WHITE,14,NA
6952202282538,PN-965 PINENG 10000mAh POWER BANK MINI SIZE BLACK/WHITE,233,NA
6952202282545,PN-899PD PINENG 30000mAh POWER BANK BLACK/WHITE,103,NA
6952202282910,PN-950 PINENG 10000mAh POWER BANK BLACKRED/BLACKGREEN/WHITEORANGE,157,NA
6952202283009,PN-857 PINENG 10000mAh POWER BANK BLACK/WHITE,133,NA
6931474749055,HOCO HC6 MAGIC SPORTS BLUETOOTH SPEAKER BLACK,6,NA
6931474749062,HOCO HC6 MAGIC SPORTS BLUETOOTH SPEAKER RED,1,NA
6931474749079,HOCO HC6 MAGIC SPORTS BLUETOOTH SPEAKER NAVY BLUE,8,NA
6931474752857,HOCO HC8 PULSATING COLORFUL LUMINOUS BLUETOOTH SPEAKER BLACK,6,NA
6931474752864,HOCO HC8 PULSATING COLORFUL LUMINOUS BLUETOOTH SPEAKER WHITE,2,NA
6931474752888,HOCO HC8 PULSATING COLORFUL LUMINOUS BLUETOOTH SPEAKER BLUE,3,NA
6957815511044,SPK-302 1MONTH-WIWU GEMINI MAGNETIC BLUETOOTH SPEAKER,1,PCS
6971252260136,SODO L3 BLUETOOTH SPEAKER,1,PCS
6694393402028,RD02-D400 DELL CONEXANT EXTERNAL 56K USB MODEM ADAPTER,4,NA
6934839122630,C561 SSK USB2.0 3PORT USB HUB+RJ45 LAN ADAPTER,40,NA
6935364001049,TG-3468 TP-LINK GIGABIT PCI EXPRESS NETWORK ADAPTER,5,PCS
6935364050573,TL-WN881ND TP-LINK N300 PCI EXPRESS WIRELESS ADAPTER,3,NA
6935364050696,TL-WN823N TP-LINK N300 MINI WIRELESS USB ADAPTER,71,PCS
6935364050719,TL-WN725N TP-LINK N150 NANO WIRELESS USB ADAPTER,60,PCS
6935364052553,TL-WPA8631P KIT TP-LINK AV1300 GIGABIT PASSTHROUGH POWERLINE AC WIFI KIT,1,NA
6935364052867,ARCHER TX50E TP-LINK AX3000 PCI EXPRESS WIRELESS ADAPTER,17,NA
6935364083830,ARCHER T3U TP-LINK AC1300 MINI WIRELESS USB ADAPTER,41,PCS
6935364088897,ARCHER TX3000E TP-LINK AX3000 PCI EXPRESS WIRELESS ADAPTER,4,NA
6935364089917,ARCHER T2U TP-LINK AC600 WIRELESS USB ADAPTER,36,PCS
6935364092559,ARCHER T6E TP-LINK AC1300 PCI EXPRESS WIRELESS ADAPTER,13,PCS
6935364096137,ARCHER T9UH TP-LINK AC1900 HIGH GAIN WIRELESS USB ADAPTER,16,NA
6935364097318,ARCHER T4U TP-LINK AC1300 HIGH GAIN WIRELESS USB ADAPTER,3,PCS
6935364099978,ARCHER T2U NANO TP-LINK AC600 WIRELESS USB ADAPTER,94,NA
790069457425,DWA-X582 D-LINK AX3000 PCI EXPRESS WIRELESS ADAPTER,4,NA
6624555048894,OEM CAT5E UTP NETWORK CABLE 300M,2,PCS
6803467123176,UC516150 CAT5E PATCH RJ45 NETWORK INTERNET CABLE 15METER,1,PCS
6805889386085,U620020 CAT6 V2 PATCH RJ45 NETWORK INTERNET CABLE 2METER,102,PCS
6820255828938,CAT7 PATCH RJ45 NETWORK INTERNET CABLE 1.5METER,3,NA
6822249175769,U620100 CAT6 V2 PATCH RJ45 NETWORK INTERNET CABLE 10METER,91,PCS
6831156812476,U620300 CAT6 V2 PATCH RJ45 NETWORK INTERNET CABLE 30METER,58,PCS
6836390032826,U620150 CAT6 V2 PATCH RJ45 NETWORK INTERNET CABLE 15METER,167,PCS
6838558437504,CAT7 PATCH RJ45 NETWORK INTERNET CABLE 3METER,41,NA
6839684336976,CAT7 PATCH RJ45 NETWORK INTERNET CABLE 5METER,42,NA
6843124099840,U620250 CAT6 V2 PATCH RJ45 NETWORK INTERNET CABLE 25METER,67,PCS
6843758619438,U620200 CAT6 V2 PATCH RJ45 NETWORK INTERNET CABLE 20METER,114,PCS
6844598857400,U620015 CAT6 V2 PATCH RJ45 NETWORK INTERNET CABLE 1.5METER,244,NA
6847248603259,U620030 CAT6 V2 PATCH RJ45 NETWORK INTERNET CABLE 3METER,296,PCS
6849160501880,U620050 CAT6 V2 PATCH RJ45 NETWORK INTERNET CABLE 5METER,368,PCS
6852214633383,U620005 CAT6 V2 PATCH RJ45 NETWORK INTERNET CABLE 0.5METER,48,PCS
6860521406774,U620010 CAT6 V2 PATCH RJ45 NETWORK INTERNET CABLE 1METER,54,PCS
6861498106278,UC516050 CAT5E PATCH RJ45 NETWORK INTERNET CABLE 5METER,2,PCS
6868049963151,UC516200 CAT5E PATCH RJ45 NETWORK INTERNET CABLE 20METER,3,PCS
6897655103125,UC516005 CAT5E PATCH RJ45 NETWORK INTERNET CABLE 0.5METER,46,NA
6920377901844,LOGITECH C310 HD WEBCAM,12,NA
6920377905088,LOGITECH C920E 1080P BUSINESS WEBCAM,24,NA
6920377905316,LOGITECH C922 PRO STREAM 1080P WEBCAM,3,NA
6920377905712,LOGITECH C925E 1080P BUSINESS WEBCAM,8,NA
6920377909789,LOGITECH C930C 1080P HD WEBCAM,10,NA
6940056117274,RAPOO C500 4K HD WEBCAM,43,NA
6940056198433,RAPOO C260 1080P WEBCAM,1,NA
6940056199461,RAPOO C280 2K HD WEBCAM,1,NA
4897098682760,TAPO C110 TP-LINK HOME SECURITY WIFI CAMERA,1,NA
4897098682777,TAPO C210 TP-LINK PAN/TILT HOME SECURITY WIFI CAMERA,13,NA
4897098687031,TAPO C320WS TP-LINK OUTDOOR SECURITY WIFI CAMERA,5,NA
6680458523128,CV310N-1080-2.8MM EZVIZ CS-CV310 (C3WN) OUTDOOR SMART WIFI CAMERA,1,NA
6867713716307,DS-2CE16C3T-IT3 HIKVISION H720P EXIR BULLET CAMERA,7,PCS
6893393541373,DS-2CE56C3T-IT3 HIKVISION H720P EXIR TURRET CAMERA,16,PCS
6935364010911,TAPO C310 TP-LINK OUTDOOR SECURITY WIFI CAMERA,1,NA
6935364088095,TAPO C200 TP-LINK PAN/TILT HOME SECURITY WIFI CAMERA,5,NA
6970443211698,CS-CV206-720P EZVIZ MINI O (C2C) WIFI SECURITY CAMARA,8,NA
4897098687079,DECO X50 2PACK TP LINK AX3000 WHOLE HOME MESH WIFI6 SYSTEM,1,NA
4897098687086,DECO X50 3PACK TP LINK AX3000 WHOLE HOME MESH WIFI6 SYSTEM,1,NA
6935364006600,HALO H50G 2PACK MERCUSYS AC1900 WHOLE HOME MESH WIFI SYSTEM,3,NA
6935364052287,DECO X20 2PACK TP-LINK AX1800 WHOLE HOME MESH WIFI SYSTEM,3,NA
6935364080839,DECO M5 3PACK TP-LINK AC1300 WHOLE HOME MESH WIFI SYSTEM,2,PCS
6935364080846,DECO M5 2PACK TP-LINK AC1300 WHOLE HOME MESH WIFI SYSTEM,5,PCS
6935364081553,DECO M9 PLUS 3PACK TP-LINK AC2200 WHOLE HOME MESH WIFI SYSTEM,1,NA
6935364083175,DECO M9 PLUS 2PACK TP-LINK AC2200 WHOLE HOME MESH WIFI SYSTEM,2,NA
6935364085179,DECO M4 3PACK TP-LINK AC1200 WHOLE HOME MESH WIFI SYSTEM,1,PCS
6935364085278,DECO E4 2PACK TP-LINK AC1200 WHOLE HOME MESH WIFI SYSTEM,12,PCS
6935364085599,DECO X60 2PACK TP-LINK AX3000 WHOLE HOME MESH WIFI SYSTEM,1,NA
6935364086794,DECO E4 3PACK TP-LINK AC1200 WHOLE HOME MESH WIFI SYSTEM,1,PCS
6935364086947,DECO X20 3PACK TP-LINK AX1800 WHOLE HOME MESH WIFI SYSTEM,4,NA
6935364089504,DECO M3 3PACK TP-LINK AC1200 WHOLE HOME MESH WIFI SYSTEM,3,NA
6614469017406,CRIMPING TOOLS FOR RJ45&11,2,PCS
6648036408472,SP-206 ADSL SPLITTER,5,PCS
6861388796695,63032F CAT6 RJ45 JACK 10PCS,28,PCS
6922794728998,VAM650 VENTION CAT6 RJ45 END TO END MODULE,25,PCS
6922794743571,KEAB0 VENTION CRIMPING TOOLS,11,NA
6922794750586,VDD-B07-B VENTION CAT5E RJ45 END TO END MODULE,9,PCS
6935364010706,RE605X TP-LINK AX1800 WIRELESS RANGE EXTENDER,5,NA
6935364033002,TL-WA860RE TP-LINK N300 WIRELESS RANGE EXTENDER,11,PCS
6935364089535,RE505X TP-LINK AX1500 WIRELESS RANGE EXTENDER,12,NA
6935364092399,RE450 TP-LINK AC1750 WIRELESS RANGE EXTENDER,5,PCS
6935364095840,RE650 TP-LINK AC2600 WIRELESS RANGE EXTENDER,2,PCS
6935364097981,RE305 TP-LINK AC1200 WIRELESS RANGE EXTENDER,10,PCS
0882658864803,RV340-K9-G5 CISCO RV340 VPN ROUTER,1,PCS
4897098683040,ARCHER AX55 TP-LINK AX3000 WIRELESS GIGABIT ROUTER,1,NA
4897098683217,ARCHER C64 TP-LINK AC1200 WIRELESS ROUTER,1,NA
4897098687048,ARCHER AX23 TP-LINK AX1800 WIRELESS GIGABIT ROUTER,22,NA
6935364010263,ARCHER AX73 TP-LINK AX5400 WIRELESS GIGABIT ROUTER,7,NA
6935364053376,ARCHER AX90 TP-LINK AX6600 WIRELESS GIGABIT ROUTER,4,NA
6935364070533,TL-WR840N TP-LINK N300 WIRELESS ROUTER,11,PCS
6935364071714,TL-WR802N TP-LINK N300 WIRELESS ROUTER (NANO POCKET),2,NA
6935364084226,ARCHER A10 TP-LINK AC2600 WIRELESS ROUTER,1,PCS
6935364088873,ARCHER C80 TP-LINK AC1900 WIRELESS ROUTER,2,NA
6935364089221,ARCHER AX10 TP-LINK AX1500 WIRELESS GIGABIT ROUTER,9,NA
6935364089252,ARCHER AX50 TP-LINK AX3000 WIRELESS GIGABIT ROUTER,13,NA
6935364089696,ARCHER GX90 TP-LINK AX6600 WIRELESS GAMING ROUTER,1,NA
6935364095666,TL-WR902AC TP-LINK AC750 WIRELESS ROUTER (MINI POCKET),5,NA
6935364006839,ARCHER MR400 APAC TP-LINK AC1200 WIRELESS 4G LTE ROUTER,21,NA
6935364080525,M7350 TP-LINK N150 WIRELESS 4G LTE ROUTER,1,PCS
6935364080556,M7650 TP-LINK 600MBPS WIRELESS 4G LTE ROUTER,2,NA
6935364081829,M7450 TP-LINK N300 WIRELESS 4G LTE ROUTER,4,NA
6935364089832,ARCHER MR600 V2 TP-LINK AC1200 4G+ CAT6 GIGABIT 4G LTE ROUTER,5,NA
6935364092740,ARCHER MR200 TP-LINK AC750 WIRELESS 4G LTE ROUTER,19,PCS
6935364099923,TL-MR6400 APAC TP-LINK N300 WIRELESS 4G LTE ROUTER,4,NA
6935364061166,TD-W8961N TP-LINK N300 WIRELESS ADSL2+ MODEM ROUTER,17,PCS
6935364081966,TD-W9960 TP-LINK N300 WIRELESS ROUTER,6,PCS
6935364081980,ARCHER VR600V TP-LINK AC1600 WLAN TELEPHONY DSL GIGABIT WIRELESS ROUTER,2,PCS
6935364089689,ARCHER VR400 TP-LINK AC1200 WIRELESS VDSL/ADSL MODEM ROUTER VERSION3.0,1,NA
6935364020064,TL-SF1005D TP-LINK 5PORT DESKTOP SWITCH PLASTIC CASING,37,PCS
6935364020071,TL-SF1008D TP-LINK 8PORT DESKTOP SWITCH PLASTIC CASING,3,PCS
6935364020620,TL-SG1024D TP-LINK 24PORT GIGABIT DESKTOP SWITCH METAL CASING,2,PCS
6935364021146,TL-SG105 TP-LINK 5PORT GIGABIT DESKTOP SWITCH METAL CASING,16,PCS
6935364021153,TL-SG108 TP-LINK 8PORT GIGABIT DESKTOP SWITCH METAL CASING,1,NA
6935364021498,TL-SF1024D TP-LINK 24PORT DESKTOP SWITCH METAL CASING,3,PCS
6935364091798,TL-SG1005D TP-LINK 5PORT GIGABIT DESKTOP SWITCH PLASTIC CASING,12,PCS
790069276576,DES-1016D D-LINK 16PORT DESKTOP SWITCH METAL CASING,13,PCS
790069455261,DGS-1016S D-LINK 16PORT GIGABIT DESKTOP SWITCH METAL CASING-SLIM SIZE,2,NA
4712196848859,KBACERV5472 ACER ASPIRE V5-472 KEYBOARD,1,PCS
6602061542181,KBHPCQ40 HP CQ40 KEYBOARD (BLACK),1,PCS
6609424362189,DELL LATITUDE E5400 LAPTOP KEYBOARD,1,NA
6620440771410,14-V000 HP KEYBOARD,1,PCS
6632345068823,15-P000 HP SERIES KEYBOARD,1,PCS
6637392737494,KBASA507M ASUS A507M KEYBOARD,1,NA
6679241912560,KBLNVG470 LENOVA G470 KEYBOARD,1,NA
6611195604436,"LPNT156WHMN10 15.6"" SLED 1366*768 40PINS LAPTOP SCREEN REPLACEMENT",1,PCS
6622902224175,"LPN141L1L03 14.1"" TLED 1280*800 30PINS LAPTOP SCREEN REPLACEMENT",1,PCS
6623834295479,"B173HAN04.2 17.3"" A-Si TFT-LCD 1920*1080 LAPTOP SCREEN REPLACEMENT",1,NA
6625730900914,"LPNV156FHMN48 15.6"" SLED 1920*1080 30PINS IPS LAPTOP SCREEN REPLACEMENT",8,NA
6660582527650,"LPN140BGAEA4REVC1 14"" SLED 1366*768 30PINS LAPTOP SCREEN REPLACEMENT",6,NA
6662109401047,"LPB140XTN02E 14"" SLED 1366*768 30PINS LAPTOP SCREEN REPLACEMENT",2,NA
6673215242349,"LPN156BGEE42 15.6"" SLED 1366*768 30PINS LAPTOP SCREEN REPLACEMENT",1,PCS
6681670833064,"LPNT156WHMN45 15.6"" SLED 1366*768 30PINS LAPTOP SCREEN REPLACEMENT",6,NA
6607882998049,"REFURBISHED 500GB 2.5"" LAPTOP INTERNAL HARD DRIVE (NO WARRANTY)",12,PCS
6610806156449,8265NGW WIFI CARD M2 AC 867MBPS DUAL BAND WITH BT,-1,NA
6618538200256,"REFURBISHED 500GB 3.5"" INTERNAL HARD DRIVE (NO WARRANTY)",3,NA
6635482017259,"REFURBISHED 1TB 2.5"" LAPTOP INTERNAL HARD DRIVE (NO WARRANTY)",12,PCS
6682032661523,"B554 REFURBISHED TOSHIBA DYNABOOK SATELITE 15.6"" INTEL CORE i3 LAPTOP",5,NA
6695685096550,FANHP15CK063TX HP 15-CK CPU FAN,1,NA
6696626873360,"REFURBISHED 1TB 3.5"" INTERNAL HARD DRIVE (NO WARRANTY)",2,NA
4549292000016,9057B001AA CANON PG-47 BLACK INK CARTRIDGE,277,PCS
4549292000061,9062B001AA CANON CL-57 COLOR INK CARTRIDGE,66,PCS
4549292000283,9079B001AA CANON PG-89 BLACK INK CARTRIDGE,4,PCS
4549292005349,9307B001AA CANON PGI-2700 CYAN INK CARTRIDGE,2,PCS
4549292005363,9308B001AA CANON PGI-2700 MAGENTA INK CARTRIDGE,2,PCS
4549292041880,0671C001AB CANON GI-790BK BLACK INK CARTRIDGE,19,PCS
4549292041903,0672C001AB CANON GI-790C CYAN INK CARTRIDGE,17,PCS
4549292041927,0673C001AB CANON GI-790M MAGENTA INK CARTRIDGE,14,PCS
4549292041941,0674C001AB CANON GI-790Y YELLOW INK CARTRIDGE,8,PCS
4549292044690,0736C001AA CANON PG-745S BLACK INK CARTRIDGE,1,PCS
4549292169584,4531C001AA CANON GI-71B BLACK INK CARTRIDGE,4,NA
4549292169942,4553C001AA CANON GI-71C CYAN INK CARTRIDGE,1,NA
4549292169966,4554C001AA CANON GI-71M  MAGENTA INK CARTRIDGE,1,NA
4549292169980,4555C001AA CANON GI-71Y YELLOW INK CARTRIDGE,1,NA
4960999617053,2978B001AA CANON PG-810 BLACK INK CARTRIDGE,7,PCS
4960999617077,2980B001AA CANON CL-811 COLOR INK CARTRIDGE,1,NA
4960999670102,4555B001AA CANON CLI-726GY GREY INK CARTRIDGE,2,PCS
4960999782461,5231B001AA CANON PG-740 BLACK INK CARTRIDGE,3,PCS
4960999782485,5233B001AA CANON CL-741 COLOR INK CARTRIDGE,1,PCS
4960999792347,5554B001AA CANON PG-88 BLACK INK CARTRIDGE,10,PCS
4960999792354,5555B001AA CANON CL-98 COLOR INK CARTRIDGE,9,PCS
4960999965383,CANON PGI-755PGBK BLACK INK CARTRIDGE,3,PCS
4960999973357,5001B001AA CANON PG-810+CL-811 VALUE INK PACK,4,PCS
4960999974590,8295B001AA CANON PG-745 BLACK INK CARTRIDGE,4,PCS
4971000012125,5201B006AA CANON PG-740+CL-741 VALUE INK PACK,2,PCS
192545527569,1VV22AA HP NO:GT53 BLACK INK CARTRIDGE,7,PCS
193905674275,3YM76AA HP NO:682 COLOR INK CARTRIDGE,167,NA
193905674282,3YM77AA HP NO:682 BLACK INK CARTRIDGE,173,NA
4573285861025,3JA80AA HP NO:965 BLACK INK CARTRIDGE,2,NA
4573285861087,3YM15AA HP NO:915 CYAN INK CARTRIDGE,1,NA
4573285861094,3YM16AA HP NO:915 MAGENTA INK CARTRIDGE,1,NA
4573285861100,3YM17AA HP NO:915 YELLOW INK CARTRIDGE,2,NA
4573285861117,3YM18AA HP NO:915 BLACK INK CARTRIDGE,2,NA
808736234443,C8727AA HP NO:27 BLACK INK CARTRIDGE,5,PCS
883585131105,CB335WA HP NO:74 BLACK INK CARTRIDGE,11,PCS
883585131167,CB337WA HP NO:75 COLOR INK CARTRIDGE,5,PCS
883585956586,CC640WA HP NO:60 BLACK INK CARTRIDGE,5,PCS
883585956623,CC643WA HP NO:60 COLOR INK CARTRIDGE,2,PCS
883585963607,CB319WA HP NO:564 MAGENTA INK CARTRIDGE,4,PCS
883585963638,CB320WA HP NO:564 YELLOW INK CARTRIDGE,1,PCS
884962826850,CH562WA HP NO:61 COLOR INK CARTRIDGE,2,PCS
884962826874,CH563WA HP NO:61XL BLACK INK CARTRIDGE,1,PCS
885631023310,CN692AA HP NO:704 BLACK INK CARTRIDGE,21,PCS
885631023334,CN693AA HP NO:704 COLOR INK CARTRIDGE,10,PCS
886112447830,CZ107AA HP NO:678 BLACK INK CARTRIDGE,52,PCS
886112447847,CZ108AA HP NO:678 COLOR INK CARTRIDGE,17,PCS
886112447885,CZ124AA HP NO:685 YELLOW INK CARTRIDGE,1,PCS
886112447892,CZ637AA HP NO:46 BLACK INK CARTRIDGE,41,PCS
886112447908,CZ638AA HP NO:46 COLOR INK CARTRIDGE,4,PCS
889296532187,F6V26AA HP NO:680 COLOR INK CARTRIDGE,107,PCS
889296532194,F6V27AA HP NO:680 BLACK INK CARTRIDGE,207,PCS
889296713111,M0H54AA HP NO:GT52 CYAN INK CARTRIDGE,2,PCS
889296713128,M0H55AA HP NO:GT52 MAGENTA INK CARTRIDGE,2,PCS
889296713135,M0H56AA HP NO:GT52 YELLOW INK CARTRIDGE,1,PCS
190780932452D,Y5Z03B DEMO HP DESKJET 2676 PSC INKJET,7,PCS
192545948418,1TJ09A HP SMART TANK 515 WIRELESS ALL IN ONE PRINTER,3,NA
193424632510,1KR67D HP OFFICEJET PRO 8020 ALL IN ONE PRINTER,1,PCS
194441900866,7FS95B BUNDLE HP 682BLK-HP DESKJET PLUS INK ADVANTAGE 4176 ALL IN ONE PRINTER,1,NA
196188210529,4WS37B HP DESKJET PLUS INK ADVANTAGE 4175 ALL IN ONE PRINTER,6,NA
196188253960,5SD78B BUNDLE HP 682BLK-HP DESKJET PLUS INK ADVANTAGE 6475 ALL IN ONE PRINTER,2,NA
196188254004,7WQ05B BUNDLE HP 682BLK-HP DESKJET INK ADVANTAGE 2336 ALL IN ONE PRINTER WHITE,78,NA
4549292036701,MG3670 CANON PIXMA ALL IN ONE PRINTER RED,1,NA
4549292067170,E470 BUNDLE PG47BLK-CANON PIXMA ALL IN ONE PRINTER BLACK,3,PCS
4549292095500,G3010 CANON PIXMA ALL IN ONE PRINTER HIGH VOLUME PRINTING,27,PCS
4549292095623,G4010 CANON PIXMA ALL IN ONE PRINTER HIGH VOLUME PRINTING,2,PCS
4549292143775,E3370 BUNDLE PG47BLK-CANON PIXMA ALL IN ONE PRINTER BLACK,2,NA
4549292168396,G1020 CANON PIXMA HIGH VOLUME PRINTING,1,NA
4549292168617,G3060 CANON PIXMA ALL IN ONE PRINTER HIGH VOLUME PRINTING,2,NA
4549292170689,E470 BUNDLE PG47BLK-CANON PIXMA ALL IN ONE PRINTER GREY,53,NA
889894812759,G5J38A HP OFFICEJET PRO 7740 ALL IN ONE PRINTER,2,PCS
193015506466,4ZB78A HP LASER 107W LASERJET PRINTER,2,NA
193015507272,4ZB96A HP MFP M178NW ALL IN ONE LASERJET PRINTER,1,NA
6696201870005,COMPUTER FORM 2 PLY 9.5in X 11in-500F,3,PCS
8852413433737,SUPREME 70GSM 500 SHEETS A4 PAPER,7,NA
9555067700284,IK YELLOW 70GSM 450 SHEETS A3 PAPER,21,NA
4949443088656,ML5720&ML5790 OKI RIBBON,3,PCS
4949443088663,5721/5791/8550CL OKI BLACK RIBBON CARTRIDGE,5,NA
4949443207392,720/721/790/791 OKI RIBBON,11,NA
9557187507095,KX-P145ML ORIGINAL PANASONIC RIBBON,4,PCS
4960999665122,CARTRIDGE 325 CANON 325 BLACK TONER,4,PCS
6606226732059,CARTRIDGE 316 CANON 316 BLACK TONER,1,PCS
6636918603053,CARTRIDGE 329 CANON 329 YELLOW TONER,1,PCS
6942994138571,CN4 REMAC CRG 137/237/337/537/737 CBT-BLACK TONER,5,PCS
6942994141182,HP1 REMAC C-Q2612A/FX9/FX10/103/303/104/304 CBT-BLACK TONER,2,PCS
6950840643735,C-CN2-BK REMAC C-CRG-045H-BLACK TONER,2,PCS
6950840643742,C-CN2-C REMAC C-CRG-045H-CYAN TONER,2,PCS
6950840643759,C-CN2-M REMAC C-CRG-045H-MAGENTA TONER,2,PCS
6950840643766,C-CN2-Y REMAC C-CRG-045H-YELLOW TONER,2,PCS
190781977926,CF248A HP 48A BLACK TONER,6,PCS
193424172719,W1107A HP 107A BLACK TONER,2,NA
6675155440823,Q6002A HP YELLOW TONER,1,PCS
6683804063804,Q6001A HP CYAN TONER,1,PCS
6693569893479,Q6003A HP MAGENTA TONER,1,PCS
6855048592321,CF283A COLORDEA H-BLACK TONER,1,PCS
6894289006358,CF248A COLORDEA H-BLACK TONER,10,PCS
6942994130544,HP7 REMAC CE278A/328/126-BLACK TONER,3,PCS
6942994138526,HP8 REMAC CE505A/CF280A/119/319/519/719 BLACK TONER,2,PCS
6942994140437,C-HP10-BK REMAC CF510A (204A) BLACK TONER,1,PCS
6942994140444,C-HP10-C REMAC CF511A (204A) CYAN TONER,2,PCS
6942994140451,C-HP10-Y REMAC CF512A (202A) YELLOW TONER,2,PCS
6942994140468,C-HP10-M REMAC CF513A (204A) MAGENTA TONER,2,PCS
6942994142219,HP22 REMAC CF283A-BLACK TONER,3,PCS
6942994142271,HP28 REMAC CF248A BLACK TONER,8,PCS
6950840627667,HP456 REMAC C-CB435A/CB436A/CE285A/CRG312/313/325/326/512/712/725 BLACK TONER,3,PCS
6950840640932,HP24 REMAC CF279A BLACK TONER,2,PCS
6950840641434,HP26 REMAC CF217A CBP-BLACK TONER,3,PCS
882780905221,CB436A HP 36A BLACK TONER,1,PCS
884420854524,CE322A HP YELLOW TONER,1,PCS
889894680617,CF279A HP 79A BLACK TONER,2,PCS
889894797407,CF217A HP  17A BLACK TONER,2,PCS
6950840631169,SAM23 REMAC MLT-D111S-BLACK TONER,2,PCS
6950840631428,BR4 REMAC TN1000/1030/1050/1060/1070/1075 BLACK TONER,3,PCS
6950840648280,BR6 REMAC TN-2460/2480 BLACK TONER,2,PCS
4710901730024,INNERGIE HP 65W LAPTOP POWER ADAPTER BLACK,39,PCS
4710901730048,INNERGIE ACER 65W LAPTOP POWER ADAPTER BLACK,17,PCS
4710901730055,INNERGIE ASUS 65W LAPTOP POWER ADAPTER BLACK,43,PCS
4710901730222,INNERGIE 65W USB-C LAPTOP POWER ADAPTER BLACK,2,NA
4710901730468,ADP-65LW XCA INNERGIE 65U PRO LAPTOP POWER ADAPTER,1,NA
4710901739935,INNERGIE 65W USB-C LAPTOP POWER ADAPTER WHITE,2,NA
4718018470031,POWERGEAR 65 INNERGIE 65W LAPTOP POWER ADAPTER BLACK,3,NA
4718018470383,ADP-90NE INNERGIE 90W LAPTOP POWER ADAPTER BLACK,5,NA
8858751701347,POWERGEAR 90 INNERGIE 90W LAPTOP POWER ADAPTER BLACK,4,PCS
6644448782902,PL-800z-800VA KOSS PL800Z 800VA AVR,10,PCS
6628561736905,CR2032 CMOS BATTERY,62,PCS
6668780003044,LAPTOP CMOS BATTERY-3PIN,2,PCS
6698091720170,LAPTOP CMOS BATTERY-2PIN,6,PCS
6880070712751,CR2025 BATTERY,6,PCS
6933138690697,LDNIO SC4408 POWER EXTENSION SOCKET POWER STRIP 2METER,32,NA
6933138690789,LDNIO SC4407Q POWER EXTENSION SOCKET POWER STRIP 2METER,42,NA
6933138691151,LDNIO SC3412 POWER EXTENSION SOCKET POWER STRIP 2METER,20,NA
6933138691328,LDNIO SC5309 POWER EXTENSION SOCKET POWER STRIP 2METER,53,NA
6933138691540,LDNIO SC2311 POWER EXTENSION SOCKET POWER STRIP,20,NA
4719512071823,MPZ-A001-AFBAPV-UK COOLER MASTER V1000 1000W FULL MODULAR 80 PLUS PLATINUM POWER SUPPLY,2,NA
4719512084014,MPE-6001-ACABN-UK COOLER MASTER ELITE 600 V4 600W 80 PLUS CERTIFIED POWER SUPPLY,10,NA
4719512084465,MPE-5001-ACABN-UK COOLER MASTER ELITE 500 V4 500W 80 PLUS CERTIFIED POWER SUPPLY,15,NA
4719512085332,MPE-C501-AFCAG-UK COOLER MASTER MWE GOLD 1250W V2 80PLUS GOLD CERTIFIED,1,NA
4719512085639,MPE-A501-AFCAG COOLER MASTER MWE GOLD 1050W V2 80PLUS GOLD CERTIFIED FULL MODULAR POWER SUPPLY,1,NA
4719512091401,MPY-650V-AFBAG-UK COOLER MASTER V650 GOLD 650W 80 PLUS GOLD CERTIFIED FULL MODULAR POWER SUPPLY,2,NA
4719512091562,MPY-750V-AFBAG-UK COOLER MASTER V750 GOLD 750W 80 PLUS GOLD CERTIFIED FULL MODULAR POWER SUPPLY,1,NA
4719512098387,MPY-6501-SFHAGV-UK COOLER MASTER V650 SFX GOLD 650W 80 PLUS GOLD CERTIFIED FULL MODULAR,1,NA
4719512098554,MPY-7501-SFHAGV-UK COOLER MASTER V750 SFX GOLD 750W 80 PLUS GOLD CERTIFIED FULL MODULAR,2,NA
4719512104385,MPE-6501-ACABW-BUK COOLER MASTER MWE BRONZE V2 650W 80 PLUS BRONZE CERTIFIED POWER SUPPLY,3,NA
6928968305507,MPW-3001-ACABN1 COOLER MASTER MPW II 300W 80 PLUS CERTIFIED POWER SUPPLY,16,NA
6928968305514,MPW-4001-ACABN1 COOLER MASTER MPW II 400W 80 PLUS CERTIFIED POWER SUPPLY,26,NA
6928968305538,MPW-6001-ACABN1 COOLER MASTER MPW II 600W 80 PLUS CERTIFIED POWER SUPPLY,1,NA
6930788400171,EXT-650-1 SAMA GOLD 650W 80 PLUS GOLD CERTIFIED FULL MODULAR POWER SUPPLY,3,NA
6930788400188,ETX-750-1 SAMA GOLD 750W 80 PLUS GOLD CERTIFIED FULL MODULAR POWER SUPPLY,1,NA
6930788402113,FTX-850-1 SAMA GOLD 850W 80 PLUS GOLD CERTIFIED FULL MODULAR POWER SUPPLY,6,NA
6933412798910,DQ650-M-V2L DEEPCOOL DQ650 650W 80 PLUS GOLD CERTIFIED FULL MODULAR POWER SUPPLY,13,NA
6933412798927,DQ750-M-V2L DEEPCOOL DQ750 750W 80 PLUS GOLD CERTIFIED FULL MODULAR POWER SUPPLY,12,NA
6933412798934,DQ850-M-V2L DEEPCOOL DQ850 850W 80 PLUS GOLD CERTIFIED FULL MODULAR POWER SUPPLY,5,NA
8886411986087,VOLTRON GOLD 475 RGB ARMAGGEDDON VOLTRON GOLD 475W RGB POWER SUPPLY,2,NA
6667694164940,FORMULA 800E KOSS 800VA UPS,2,PCS
731304417613,BVX700LUI-MS APC EASY 700VA BATTERY BACKUP UPS,2,NA
740617317466,KVR16LS11/8WP KINGSTON 8GB DDR3L1600MHz LAPTOP RAM  LOW VOLTAGE,3,NA
6664981196820,RTAM LAPTOP UPGRADED TO 8GB DDR4 LAPTOP RAM,118,NA
740617280623,KVR26S19D8/16 KINGSTON 16GB DDR4 2666MHz LAPTOP RAM,6,PCS
740617280630,KVR26S19S8/8 KINGSTON 8GB DDR4 2666MHz LAPTOP RAM,35,PCS
740617280647,KVR26S19S6/4 KINGSTON 4GB DDR4 2666MHz LAPTOP RAM,5,PCS
740617296099,KVR32S22S8/8 KINGSTON 8GB DDR4 3200MHz LAPTOP RAM,11,NA
740617310894,KVR32S22S8/16 KINGSTON 16GB DDR4 3200MHz LAPTOP RAM (16GBIT),9,NA
740617310917,KVR26S19S8/16 KINGSTON 16GB DDR4 2666MHz LAPTOP RAM (16GBIT),3,NA
843591067355,CMSX4GX4M1A2400C16 CORSAIR VENGEANCE 4GB DDR4 2400MHz LAPTOP RAM,4,PCS
843591077187,CMSX16GX4M1A2666C18 CORSAIR VENGEANCE 16GB DDR4 2666MHz LAPTOP RAM,2,PCS
843591077194,CMSX8GX4M1A2666C18 CORSAIR VENGEANCE 8GB DDR4 2666MHz LAPTOP RAM,8,PCS
740617317473,KVR16N11/8WP KINGSTON 8GB DDR3 1600MHz DESKTOP RAM,3,NA
4710273774824,AX4U320038G16-DT60 XPG SPECTRIX D60G 16GB DDR4 3200MHz DESKTOP RAM RGB,1,NA
4711085930958,AX4U32008G16A-ST41 XPG SPECTRIX D41 8GB DDR4 3200MHz DESKTOP RAM (GREY HEATSINK),3,NA
740617270907,KVR26N19S8/8 KINGSTON 8GB DDR4 2666MHz DESKTOP RAM,13,PCS
740617319408,KF432C16BB1A/16 KINGSTON FURY BEAST 16GB DDR4 3200MHz DESKTOP RAM RGB,3,NA
740617319439,KF432C16BBA/8 KINGSTON FURY BEAST 8GB DDR4 3200MHz DESKTOP RAM RGB,8,NA
740617319880,KF432C16BB1/16 KINGSTON FURY BEAST 16GB DDR4 3200MHz DESKTOP RAM BLACK,3,NA
740617319910,KF432C16BB/8 KINGSTON FURY BEAST 8GB DDR4 3200MHz DESKTOP RAM BLACK,18,NA
740617320152,KF426C16BB1/16 KINGSTON FURY BEAST 16GB DDR4 2666MHz DESKTOP RAM BLACK,5,NA
740617320183,KF426C16BB/8 KINGSTON FURY BEAST 8GB DDR4 2666MHz DESKTOP RAM BLACK,10,NA
740617321791,KF432C16RBAK2/16 KINGSTON FURY RENEGADE 16GB DDR4 3200MHz DESKTOP RAM RGB,1,NA
740617321807,KF432C16RBA/8 KINGSTON FURY RENEGADE 8GB DDR4 3200MHz DESKTOP RAM RGB,1,NA
740617322491,KF436C16RBA/8 KINGSTON FURY RENEGADE 8GB DDR4 3600MHz DESKTOP RAM RGB,2,NA
6801602598186,"CB-8019 COOLBELL 15.6"" BACKPACK GREY",2,PCS
6806239057198,"10007 COOLBELL 15.6"" BACKPACK GREY",3,NA
6807462804481,"CB-8206 COOLBELL 15.6"" BACKPACK BLUE",1,PCS
6812452355836,"PS-501 COOLBELL POSO 17"" BACKPACK CANVAS BLACK",2,PCS
6822684749433,"CB-5502 COOLBELL 17.3"" BACKPACK CANVAS DARK GREY",6,NA
6836909160095,"CB-7007 COOLBELL 15.6"" BACKPACK GREY",4,NA
6847597181675,"CB-7009 COOLBELL 15.6"" BACKPACK BLACK",2,PCS
6848934449939,"CB-6107S COOLBELL 15.6"" BACKPACK GREY",1,NA
6866137645217,"PS-680 COOLBELL POSO 15.6"" BACKPACK GREY",2,NA
6870052304098,"CB-8101 COOLBELL 15.6"" BACKPACK BLUE",9,NA
6874976290284,"CB-8019 COOLBELL 15.6"" BACKPACK BLUE",1,PCS
6895795430385,"PS-501 COOLBELL POSO 17"" BACKPACK CANVAS GREY",3,NA
6897886725622,"PS-683 COOLBELL POSO 15.6"" BACKPACK BLUE",6,NA
6938828006291,"PS-629 COOLBELL POSO 15.6"" BACKPACK BLACK",14,PCS
6938828006802,"PS-680 COOLBELL POSO 15.6"" BACKPACK BLACK",2,NA
6938828026107,"CB-6107S COOLBELL 15.6"" BACKPACK BLACK",10,NA
6938828027005,"CB-7007 COOLBELL 15.6"" BACKPACK BLACK",9,NA
6938828036830,"PS-683 COOLBELL POSO 15.6"" BACKPACK BLACK",7,NA
6938828055015,"PS-501 COOLBELL POSO 17"" BACKPACK BLACK",2,NA
6938828055503,"CB-5502 COOLBELL 17.3"" BACKPACK CANVAS BLACK",2,NA
6938828080192,"CB-8019 COOLBELL 15.6"" BACKPACK BLACK",4,PCS
6938828081014,"CB-8101 COOLBELL 15.6"" BACKPACK BLACK",2,NA
6938828082066,"CB-8206 COOLBELL 15.6"" BACKPACK BLACK",11,PCS
6938828082325,"CB-8232 COOLBELL 15.6"" BACKPACK BLACK",2,NA
6604250303931,BTYHPC202268 HP BK03XL BATTERY (BUILT-IN),1,NA
6606582157138,BTYHPC202279 HP TF03XL BATTERY (BUILT-IN),1,NA
6611824192990,BTYHPC202266 HP SO04XL BATTERY (BUILT-IN),1,NA
6613037813655,BTYHPC202282 HP AD03XL BATTERY (BUILT-IN),1,NA
6615705109916,BTYHPC202260 HP JC04 240 G6 BATTERY-2200MAH,1,NA
6620421448041,BTYAS201632 ASUS X540S BATTERY (BUILT-IN),1,PCS
6624762821556,BTYDL201036 DELL E5440 BATTERY,1,NA
6624839516637,BTYAS201606 ASUS S400 BATTERY (BUILT-IN),1,NA
6625869140878,BTYTSB201294 TOSHIBA PA5076 BATTERY,1,PCS
6628228316136,BTYAS201660 ASUS X442 (C21N1638) BATTERY (BUILT-IN),1,NA
6628738239598,BTYAC201873 ACER V5-471 BATTERY-2500MAH,4,PCS
6630292152459,BTYTSB201246 TOSHIBA PA3451/3465U BATTERY,-1,NA
6630407109828,BTYAC201913 ASPIRE 3 A315-32/AP16M5J BATTERY (BUILT-IN),2,NA
6634148557634,BTYHPC202246 HP KI04 BATTERY-2200MAH,1,NA
6637020073031,BTYTSB201297 TOSHIBA PA5185 BATTERY,1,NA
6638247294742,BTYAS201673 ASUS B31N1729 BATTERY,1,NA
6638456568641,BTYHPC202261 HP RI04 BATTERY,1,NA
6638498546133,BTYHPC202285 HP AB06XL BATTERY (BUILT-IN),1,NA
6646508212886,BTYAS201639 ASUS X556U BATTERY (BUILT-IN),1,PCS
6649501905274,BTYHPC202307 HP KC04XL BATTERY (BUILT-IN),3,NA
6654711578354,AP144A4M ACER SWITCH 10 BATTERY,1,PCS
6655545361259,BTYHPC202275 HP SR04XL BATTERY (BUILT-IN),4,PCS
6656918803598,BTYHPC202299 HP HT03XL BATTERY (BUILT-IN)-3600MAH,1,NA
6656928123976,BTYAS201638 ASUS UX303 BATTERY (BUILT-IN),2,NA
6666440902287,BTYHPC202299 DEMO HP HT03XL BATTERY (BUILT-IN)-3500MAH,1,NA
6668049482979,BTYHPC202311 HP SPECTRE X360 SH03XL BATTERY (BUILT-IN),2,NA
6668780000067,BTYAC201856 ACER 4741ZG BATTERY,1,PCS
6668780000258,BTYAS201578 ASUS 1015 (BLACK) BATTERY,1,PCS
6668780002146,BTYHPC202213 HP PROBOOK/ELITEBOOK 8460P BATTERY,1,PCS
6668780002320,BTYLNV200664 LENOVO G400S BATTERY,1,PCS
6668780002368,BTYHPC202226 HP OA04 240 BATTERY,1,PCS
6668780002436,BTYHPC202236 HP LA04 248 BATTERY,1,PCS
6668780002498,BTYAS201297 ASUS A450/X450 BATTERY,2,PCS
6668780002559,BTYHPC202230 HP VI04 440 G2 BATTERY,2,PCS
6668780002597,BTYAS201618 ASUS A555 BATTERY (BUILT-IN)-4500MAH,1,PCS
6668780002900,BTYHPC202262 HP BP02XL BATTERY (BUILT-IN)-5150MAH,-1,PCS
6668780002948,BTYAC201906 ACER E5-575 BATTERY (BUILT-IN)-2200MAH,3,PCS
6668780002962,BTYAS201620 ASUS A455 BATTERY (BUILT-IN),3,PCS
6668780002979,BTYAC201903 ACER Z1402 BATTERY (BUILT-IN)-2200MAH,1,PCS
6668780003013,BTYHPC202231 HP RA04 430 G1 BATTERY,1,PCS
6668780003075,BTYHPC202263 HP SE03XL BATTERY (BUILT-IN),2,PCS
6668780003105,BTYAS201645 ASUS X441 BATTERY (BUILT-IN),1,PCS
6668780003150,BTYHPC202267 HP VR03XL BATTERY (BUILT-IN),2,PCS
6673816454578,BTYHPC202243 HP 240 G4 HS04 BATTERY,4,PCS
6674508191610,BTYHPC202299 HP HT03XL BATTERY (BUILT-IN)-3500MAH,41,NA
6678635436576,BTYAS201614 ASUS K453/X453 BATTERY (BUILT-IN),1,NA
6679905282275,BTYAS201646 ASUS X541 BATTERY (BUILT-IN)-2200MAH,1,PCS
6681681385989,BTYTSB201296 TOSHIBA PA5107 BATTERY (BUILT-IN),1,PCS
6682823143498,BTYHPC202262 HP BP02XL BATTERY (BUILT-IN)-5000MAH,3,PCS
6689072746807,BTYAC201898 ACER M5-481 BATTERY,1,PCS
6691435723783,BTYAS201656 ASUS S510U/A510 BATTERY (BUILT-IN),3,NA
6691613863812,BTYAC201893 ACER V3-472/E5-411 BATTERY,2,PCS
6694392347771,BTYDL201064 DELL E5470 BATTERY (BUILT-IN),1,NA
6695103731353,BTYHPC202274 HP TE03XL BATTERY,1,PCS
6696800714809,BTYAC201901 ACER E5-473 BATTERY (BUILT-IN)-1800MAH,1,PCS
6698018171214,BTYAS201665 ASUS A407 BATTERY (BUILT-IN),2,NA
4713392237812,ACER PREDATOR GAMING UTILITY BACKPACK,18,PCS
6623353202217,HP OMEN BACKPACK,-1,NA
6634590497168,DELL LAPTOP BACKPACK,118,NA
6636294801531,HP LAPTOP BACKPACK,56,PCS
6651001789520,HP SLEEVE BAG,-1,NA
6662710463496,ACER LAPTOP BACKPACK,7,PCS
6688079843595,LENOVO LAPTOP BACKPACK,3,PCS
6805343590737,FG PC DEPOT/PH&CO UMBRELLA,-2,PCS
6809889418982,FG PC DEPOT/PH&CO GOODIE BAG VER2022 RED,"3,947",NA
6830003469795,FG PC DEPOT/PH&CO UMBRELLA VER2022 WHITE,707,NA
6845676645728,FG PC DEPOT/PH&CO UMBRELLA VER2022 RED,597,NA
6898547769276,FG PC DEPOT/PH&CO GOODIE BAG VER2022 WHITE,"3,429",NA
194850795411,"15S-EQ1017AU 5YEARS PELW2001-264-HP 15.6"" AMD ATHLON LAPTOP GOLD",7,NA
194850796043,"15S-EQ1018AU 5YEARS PELW2001-264-HP 15.6"" AMD ATHLON LAPTOP SILVER",10,NA
195122936129,"14S-FQ0058AU HP 14"" AMD 3020E LAPTOP GOLD",3,NA
195908040118,"15S-FQ2511TU 5YEARS PELW6002-594-HP 15.6"" INTEL CORE i5 LAPTOP GOLD",4,NA
195908040163,"15S-FQ2512TU 5YEARS PELW6002-594-HP 15.6"" INTEL CORE i5 LAPTOP SILVER",1,NA
195908040293,"14S-DQ2515TU 5YEARS PELW6002-594-HP 14"" INTEL CORE i5 LAPTOP SILVER",2,NA
195908548775,"14S-DQ3001TU 5YEARS PELW2001-264-HP 14"" INTEL CELERON LAPTOP SILVER",21,NA
196068066147,"14S-FQ1048AU HP 14"" AMD RYZEN 5 LAPTOP SILVER",3,NA
196068240745,"13-BE0045AU HP PAVILION AERO 13.3"" AMD RYZEN 5 LAPTOP WARM GOLD",1,NA
196068630157,"13-BE0047AU HP PAVILION AERO 13.3"" AMD RYZEN 5 LAPTOP WARM GOLD",4,NA
196068630164,"13-BE0049AU HP PAVILION AERO 13.3"" AMD RYZEN 5 LAPTOP SILVER",2,NA
4710886421337,"SF314-43-R5AD ACER SWIFT3 14"" AMD RYZEN 5 LAPTOP SILVER",2,NA
4710886467564,"SF314-43-R6WW ACER SWIFT3 14"" AMD RYZEN 5 LAPTOP BLUE",2,NA
4710886467571,"SF314-511-532H ACER SWIFT3 14"" INTEL CORE i5 LAPTOP BERRY RED",1,NA
4710886648901,"A315-35-C8VB ACER ASPIRE 15.6"" INTEL CELERON LAPTOP SILVER",2,NA
4710886649168,"A315-58-71US ACER ASPIRE 15.6"" INTEL CORE i7 LAPTOP SILVER",2,NA
4710886709770,"SF314-43-R2LT ACER SWIFT3 14"" AMD RYZEN 5 LAPTOP SILVER",2,NA
4710886709787,"SF314-43-R4KV ACER SWIFT3 14"" AMD RYZEN 3 LAPTOP BLUE",1,NA
4710886736165,"SF314-43-R67H ACER SWIFT3 14"" AMD RYZEN 3 LAPTOP SILVER",1,NA
4710886760719,"A515-56-51R8 ACER ASPIRE 15.6"" INTEL CORE i5 LAPTOP SILVER",2,NA
4710886792345,"SF514-55TA-537X ACER SWIFT5 14"" INTEL CORE i5 LAPTOP MIST GREEN",1,NA
4711081132301,"TM420U-AEC551TS ASUS VIVOBOOK FLIP 14"" AMD RYZEN 5 LAPTOP BLACK",2,NA
4711081186069,"UX482E-AKA551TS ASUS ZENBOOK DUO 14"" INTEL CORE i5 LAPTOP BLUE",1,NA
4711081186076,"UX325E-AKG349TS ASUS ZENBOOK 13 OLED 13.3"" INTEL CORE i7 LAPTOP PINE GREY",1,NA
4711081186106,"TP470E-AEC240TS ASUS VIVOBOOK FLIP 14"" INTEL CORE i5 LAPTOP BLACK",1,NA
4711081186113,"S433E-QAM754TS ASUS VIVOBOOK S 14"" INTEL CORE i7 LAPTOP BLACK",1,NA
4711081186137,"S433E-AAM433TS ASUS VIVOBOOK S 14"" INTEL CORE i7 LAPTOP BLACK",1,NA
4711081209560,"UX425E-AKI427TS ASUS ZENBOOK 14"" INTEL CORE i5 LAPTOP PINE GREY",2,NA
4711081209584,"UX425E-AKI487TS ASUS ZENBOOK 14"" INTEL CORE i7 LAPTOP LILAC MIST",1,NA
4711081281474,"K513E-AL11109TS 5YEARS PELW6002-594-ASUS VIVOBOOK 15 OLED 15.6"" INTEL CORE i3 LAPTOP BLACK",1,NA
4711081365532,"A516E-AEJ799TS 5YEARS PELW6002-594-ASUS VIVOBOOK 15.6"" INTEL CORE i3 LAPTOP GREY",1,NA
4711081408352,"M3500Q-CL1185TS ASUS VIVOBOOK PRO 15 OLED 15.6"" AMD RYZEN 5 LAPTOP BLUE",2,NA
4711081432609,"K3500P-AL1107TS ASUS VIVOBOOK PRO 15 OLED 15.6"" INTEL CORE i5 LAPTOP SILVER",4,NA
4711081482680,"K413E-AAM1798TS ASUS VIVOBOOK 14"" INTEL CORE i7 LAPTOP BLACK",4,NA
4711081535546,"A416E-AEB1012WS ASUS VIVOBOOK 14"" INTEL CORE i5 LAPTOP SILVER",1,NA
4711081535584,"K513E-ABN1931WS 5YEARS PELW6002-594-ASUS VIVOBOOK 15.6"" INTEL CORE i5 LAPTOP GOLD",4,NA
4711081535591,"K513E-ABN1929WS 5YEARS PELW6002-594-ASUS VIVOBOOK 15.6"" INTEL CORE i5 LAPTOP BLACK",13,NA
4711081544630,"E410K-ABV256WS 5YEARS PELW3002-297-ASUS VIVOBOOK GO 14"" INTEL CELERON LAPTOP BLUE",22,NA
4711081544654,"E410K-ABV257WS 5YEARS PELW3002-297-ASUS VIVOBOOK GO 14"" INTEL CELERON LAPTOP DREAMY WHITE",9,NA
4711081544685,"M3500Q-CL1343WS ASUS VIVOBOOK PRO 15 OLED 15.6"" AMD RYZEN 7 LAPTOP BLUE",2,NA
4711081544739,"K3500P-AL1292WS ASUS VIVOBOOK PRO 15 OLED 15.6"" INTEL CORE i5 LAPTOP SILVER",2,NA
4711081544814,"K513E-ABN1930WS 5YEARS PELW6002-594-ASUS VIVOBOOK 15.6"" INTEL CORE i5 LAPTOP SILVER",8,NA
4711081545613,"M3500Q-CL1342WS ASUS VIVOBOOK PRO 15 OLED 15.6"" AMD RYZEN 9 LAPTOP BLUE",1,NA
4711081605706,"M3500Q-CL1394WS ASUS VIVOBOOK PRO 15 OLED 15.6"" AMD RYZEN 5 LAPTOP BLUE",1,NA
4711081654056,"K513E-AL13093WS 5YEARS PELW6002-594-ASUS VIVOBOOK 15 OLED 15.6"" INTEL CORE i5 LAPTOP BLACK",2,NA
4718017377157,"C434T-AAI0224 ASUS CHROMEBOOK FLIP 14"" INTEL CORE M3 LAPTOP SILVER",2,NA
4718017712576,"M433I-AEB004TS ASUS VIVOBOOK S 14"" AMD RYZEN 7 LAPTOP BLACK",5,NA
4718017948555,"UX363E-AHP284TS ASUS ZENBOOK FLIP 13.3"" INTEL CORE i5 LAPTOP PINE GREY",1,NA
6623835297052,"8GHNI3515101MY-3  5YEARS PELW6003-396-DELL INSPIRON 15 3515 15.6"" AMD ATHLON LAPTOP BLACK",1,NA
6629373840958,"HNI3515260BMY-1 DELL INSPIRON 15 3515 15.6"" AMD RYZEN 3 LAPTOP BLACK",26,NA
6634003281872,"HNI54151022MY DELL INSPIRON 14 5415 14"" AMD RYZEN 5 LAPTOP SILVER",4,NA
6670277693485,"HNI3515260BMY-3 DELL INSPIRON 15 3515 15.6"" AMD RYZEN 3 LAPTOP BLACK",4,NA
6678273850543,"HNI3511401MY-1 DELL INSPIRON 15 3511 15.6"" INTEL CORE i3 LAPTOP BLACK",24,NA
6697111005181,"HNI55104101CMY DELL INSPIRON 15 5510 15.6"" INTEL CORE i5 LAPTOP SILVER",1,NA
196068630225,"16-D0161TX 5YEARS PELW6002-594-HP VICTUS 16.1"" INTEL CORE i5 LAPTOP BLUE",2,NA
4710886861683 ,"AN515-57-536D ACER NITRO5 15.6"" INTEL CORE i5 LAPTOP",1,NA
4711081121251,"G713I-HHX017 ASUS ROG STRIX G17 2021 17.3"" AMD RYZEN 7 LAPTOP ECLIPSE GRAY",1,NA
4711081129943,"G513I-HHN044T ASUS ROG STRIX G15 2021 15.6"" AMD RYZEN 7 LAPTOP",1,NA
4711081129967,"FX516P-MHN085T ASUS TUF DASH F15 2021 15.6"" INTEL CORE i5 LAPTOP ECLIPSE GRAY",1,NA
4711081163749,"FX516P-EHN006T ASUS TUF DASH F15 2021 15.6"" INTEL CORE i7 LAPTOP ECLIPSE GRAY",2,NA
4711081214786,"GA401Q-ECK2081TS ASUS ROG ZEPHYRUS G14 AW SE 14"" AMD RYZEN 9 LAPTOP ECLIPSE GRAY ANIME MATRIX",1,NA
4711081220534,"G513Q-CHN020T ASUS ROG STRIX G15 2021 15.6"" AMD RYZEN 7 LAPTOP",1,NA
4711081230465,"G713Q-CHX022T ASUS ROG STRIX G17 2021 17.3"" AMD RYZEN 7 LAPTOP ECLIPSE GRAY",2,NA
4711081251057,"FX516P-EHN007T ASUS TUF DASH F15 2021 15.6"" INTEL CORE i7 LAPTOP MOONLIGHT WHITE",1,NA
4711081390671,"FX506H-CBHN164T ASUS TUF F15 2021 15.6"" INTEL CORE i5 LAPTOP ECLIPSE GRAY",5,NA
4711081390695,"FX706H-CBHX185T ASUS TUF F17 2021 17.3"" INTEL CORE i5 LAPTOP ECLIPSE GRAY",2,NA
4711081404996,"FX516P-CHN013T ASUS TUF DASH F15 2021 15.6"" INTEL CORE i5 LAPTOP ECLIPSE GRAY",13,NA
4711081481317,"FX506H-CBHN272T ASUS TUF F15 2021 15.6"" INTEL CORE i7 LAPTOP ECLIPSE GRAY",1,NA
4711081571377,"FA507R-CHN038W ASUS TUF A15 2022 15.6"" AMD RYZEN 7 LAPTOP MECHA GRAY",1,NA
4711081571384,"FA707R-CHX024W ASUS TUF A17 2022 17.3"" AMD RYZEN 7 LAPTOP MECHA GRAY",1,NA
4711081658023,"FA507R-MHN027W ASUS TUF A15 2022 15.6"" AMD RYZEN 7 LAPTOP MECHA GRAY",1,NA
4711081658061,"G513R-CHN086W ASUS ROG STRIX G15 2022 15.6"" AMD RYZEN 7 LAPTOP VOLT GREEN",1,NA
4711081658078,"G513R-CHN100W ASUS ROG STRIX G15 2022 15.6"" AMD RYZEN 7 LAPTOP ELECTRO PUNK",2,NA
6622314107127,"14"" LAPTOP KEYBOARD PROTECTOR",-1,PCS
6639674002467,"15.6"" LAPTOP KEYBOARD PROTECTOR",-17,PCS
6809125149564,ALUMINUM ALLOY MULTI-ANGLE LAPTOP STAND SILVER (X),15,NA
6838353634672,ALUMINUM ALLOY MULTI-ANGLE LAPTOP STAND SILVER (W),4,NA
6845405014337,"14"" LAPTOP KEYBOARD PROTECTOR","1,037",PCS
6855765543613,"15.6"" LAPTOP KEYBOARD PROTECTOR","5,844",PCS
6883478522434,LAPTOP NUMERIC USB CABLE LOCK,6,PCS
6894330864272,LAPTOP NUMERIC CABLE LOCK,37,PCS
6934839121992,SC102 SSK TYPE C 5 IN ONE MULTI-FUNCTION ADAPTER,24,NA
6934839122500,C570 SSK TYPE C 10 IN ONE MULTI-FUNCTION ADAPTER,19,NA
6928968300762,R9-NBC-I1HK COOLER MASTER NOTEPAL I100 COOLING PAD BLACK,60,NA
6928968300809,R9-NBC-X12K COOLER MASTER NOTEPAL X-SLIM II COOLING PAD BLACK,3,PCS
6928968300854,R9-NBC-CMC3 COOLER MASTER NOTEPAL CMC3 COOLING PAD BLACK,83,PCS
6933412725220,DP-N422-MCX6 DEEPCOOL X6 COOLING PAD BLACK,2,NA
6933412775607,DP-N214A5-UPAL DEEPCOOL U PAL COOLING PAD BLACK,23,NA
6933412775836,DP-N222-N80RGB DEEPCOOL N80 RGB LED COOLING PAD BLACK,12,PCS
4711081082866,"V222G-AKWA210T ASUS VIVO 21.5"" AIO ALL-IN-ONE INTEL PENTIUM DESKTOP PC COMPUTER",3,NA
4711081274292,"M3200WU-AKBA008TS ASUS VIVO 21.5"" AIO ALL-IN-ONE AMD RYZEN 3 DESKTOP PC COMPUTER",1,NA
4711081313502,S500SC-0G5905001T ASUS EXPERTCENTER INTEL CELERON DESKTOP PC COMPUTER,3,NA
4711081313519,S500SC-0G6405002TS ASUS EXPERTCENTER INTEL PENTIUM DESKTOP PC COMPUTER,3,NA
4711081685937,S500SC-310105003WS ASUS EXPERTCENTER INTEL CORE i3 DESKTOP PC COMPUTER,1,NA
6839065896013,"ND05S PC DEPOT LAPTOP SLEEVE 15.6"" LIGHT GREY",140,NA
6855123492133,"ND05S PC DEPOT LAPTOP SLEEVE 15.6"" DARK BLUE",180,NA
4573285689957,HP OMEN 800 WIRED GAMING HEADSET,12,PCS
6920377908881,LOGITECH G331 STEREO WIRED GAMING HEADSET,2,NA
6920377908935,LOGITECH ASTRO A10 WIRED GAMING HEADSET,2,NA
6940056186621,RAPOO VH510 7.1 VIRTUAL USB WIRED GAMING HEADSET,3,NA
6940056198297,RAPOO VH710 7.1 VIRTUAL USB WIRED GAMING HEADSET,3,NA
6947858426962,HP H1G 7.1 PROFESSIONAL USB WIRED GAMING HEADSET,8,NA
6947858427310,HP GH10GS 7.1 VIRTUAL SURROUND USB WIRED GAMING HEADSET,9,NA
6947858427365,HP GH10S WIRED GAMING HEADSET,30,NA
6948391227047,HP H100 WIRED GAMING HEADSET,54,PCS
6948391227108,HP H160GS WIRED GAMING HEADSET,5,NA
6948391227191,HP H220G USB WIRED GAMING HEADSET,37,NA
6948391227214,HP H320GS 7.1 VIRTUAL SURROUND USB WIRED GAMING HEADSET,60,NA
6948391227252,HP H200GS WIRED GAMING HEADSET WHITE,2,NA
6948391227269,HP H200S WIRED GAMING HEADSET,66,NA
6948391227306,HP H360G USB WIRED GAMING HEADSET,30,NA
6948391227382,HP H120G WIRED GAMING HEADSET,54,NA
8886419371298,RZ04-02230100-R3M1 RAZER THRESHER 7.1 WIRELESS GAMING HEADSET,2,PCS
8886419371656,RZ04-02890100-R3M1 RAZER KRAKEN X GAMING HEADSET,9,PCS
8886419371748,RZ04-02580100-R3A1 RAZER THRESHER WIRELESS & WIRED GAMING HEADSET,2,NA
8886419378259,RZ04-03180100-R3M1 RAZER KRAKEN ULTIMATE GAMING HEADSET,3,NA
8886419378310,RZ04-03220100-R3M1 RAZER PROMO-RAZER BLACKSHARK V2 PRO WIRELESS GAMING HEADSET,1,NA
8886419378372,RZ04-03230100-R3M1 RAZER PROMO-RAZER BLACKSHARK V2 ESPORTS GAMING HEADSET,2,NA
8886419378396,RZ04-03240100-R3M1 RAZER PROMO-RAZER BLACKSHARK V2 X GAMING HEADSET,9,NA
8886419378433,RZ04-02890300-R3M1 RAZER PROMO-RAZER KRAKEN X-MERCURY WHITE GAMING HEADSET,1,NA
8886419378785,RZ04-03750100-R3M1 RZER PROMO-RAZER KRAKEN V3 X GAMING HEADSET,1,NA
8886419378884,RZ04-03800100-R3M1 RAZER PROMO-RAZER BARRACUDA X GAMING HEADSET,1,NA
097855089724,LOGITECH H340 USB PC HEADSET WITH NOISE-CANCELLING MIC,1,NA
6857283125920,1MONTH-SODO MH5 BLUETOOTH HEADSET RED,1,PCS
6920377903084,LOGITECH H111 STEREO WIRED HEADSET,99,NA
6920377909611,LOGITECH H390 USB PC HEADSET WITH NOISE-CANCELLING MIC,2,NA
6931474709622,HOCO W24 ENLIGHTEN WIRED HEADSET RED FREE EARPHONE,43,PCS
6931474709639,HOCO W24 ENLIGHTEN WIRED HEADSET GOLD FREE EARPHONE,41,PCS
6931474709646,HOCO W24 ENLIGHTEN WIRED HEADSET BLUE FREE EARPHONE,37,PCS
6931474709653,HOCO W24 ENLIGHTEN WIRED HEADSET PURPLE FREE EARPHONE,40,PCS
6931474710062,HOCO W25 PROMISE BLUETOOTH HEADSET BLACK,40,PCS
6931474710079,HOCO W25 PROMISE BLUETOOTH HEADSET RED,13,PCS
6931474710086,HOCO W25 PROMISE BLUETOOTH HEADSET GREY,8,NA
6931474710093,HOCO W25 PROMISE BLUETOOTH HEADSET BLUE,9,PCS
6931474723048,HOCO W28 JOURNEY BLUETOOTH HEADSET BLACK,31,NA
6931474723055,HOCO W28 JOURNEY BLUETOOTH HEADSET RED,20,NA
6931474723062,HOCO W28 JOURNEY BLUETOOTH HEADSET BLUE,19,NA
6931474735775,HOCO W30 FUN MOVE WIRELESS HEADSET BLACK,40,NA
6931474735782,HOCO W30 FUN MOVE WIRELESS HEADSET RED,15,NA
6931474735799,HOCO W30 FUN MOVE WIRELESS HEADSET BLUE,15,NA
6931474755070,HOCO W33 ART SOUND BLUETOOTH HEADSET BLACK,34,NA
6931474755087,HOCO W33 ART SOUND BLUETOOTH HEADSET BLUE,20,NA
6931474755094,HOCO W33 ART SOUND BLUETOOTH HEADSET GREY,14,NA
6922794737969,NAAB0 VENTION BLUETOOTH AUDIO RECEIVER,4,PCS
6922794738041,NABB0 VENTION BLUETOOTH AUDIO RECEIVER TRANSMITTER,3,PCS
097855074713,LOGITECH Z120 COMPACT STEREO 2.0 SPEAKER,55,PCS
097855123275,LOGITECH Z213 COMPACT STEREO 2.1 SPEAKER,4,PCS
097855134158,LOGITECH Z625 THX CERTIFIED 2.1 SPEAKER,4,PCS
6634864873926,EVO 11 SONIC GEAR BLUETOOTH SPEAKER-2.1,4,PCS
6972431710404,HP DHS-2101 2.0 SPEAKER,51,NA
6972431710619,HP DHE-6000 RGB 2.0 SPEAKER,72,NA
6972431710626,HP DHE-6001 RGB 2.0 SPEAKER,39,NA
6972431710633,HP DHE-6002 RGB SOUND BAR,38,NA
6972431710640,HP DHE-6003 RGB SOUND BAR,23,NA
6972431710688,HP DHS-2111 STEREO 2.0 SPEAKER,161,NA
6972431710701,HP DHS-2111S 2.1 SPEAKER,30,NA
6972431713337,HP DHE-6000S RGB 2.1 SPEAKER,24,NA
6972431713351,HP DHE-6005 RGB SOUND BAR,23,NA
8886411900960,EVO 9 BTMI 2021 SONIC GEAR SPEAKER-2.1,11,NA
8886411902186,TITAN 7 SONIC GEAR BTMI BLUETOOTH SPEAKER-2.1,10,PCS
8886411902254D,TITAN 5 DEMO SONIC GEAR BTMI BLUETOOTH SPEAKER-2.1,2,PCS
8886411908126,BT2100 SONIC GEAR SOUND BAR,4,PCS
8886411908737,BT3500 SONIC GEAR SOUND BAR,2,NA
8886419370543,RZ05-01260100-R3A1 RAZER PROMO-RAZER LEVIATHAN ELITE 5.1 SURROUND SOUND BAR,2,PCS
9555637202194,CHAMP 808 BTRM VINNFIER SPEAKER-2.1,1,PCS
6847555910804,HE-C327 SSK M.2 NVME ENCLOSURE EXTERNAL CASE SILVER,14,NA
6934839113270,"HE-V300 SSK 2.5"" USB3.0 ENCLOSURE EXTERNAL CASE BLACK",122,NA
6934839120629,"HE-C310 SSK 2.5"" TYPE C ENCLOSURE EXTERNAL CASE GREY",19,NA
6934839120636,"SHE-V315 SSK 2.5"" USB3.0 ENCLOSURE EXTERNAL CASE BLACK",22,PCS
6934839120858,"HE-S3300 SSK 3.5"" USB3.0 ENCLOSURE EXTERNAL CASE BLACK",13,PCS
6934839121732,"HE-C600 SSK 2.5"" TYPE C ENCLOSURE EXTERNAL CASE GREY",37,NA
6934839122449,HE-C322 SSK M.2 TYPE C ENCLOSURE EXTERNAL CASE GREY,27,NA
6934839122821,"SHE090 SSK 2.5"" USB3.0 ENCLOSURE EXTERNAL CASE BLACK",309,NA
6934839122838,HE-C327 SSK M.2 NVME ENCLOSURE EXTERNAL CASE SILVER,69,NA
6934839123545,"HE-V600 SSK 2.5"" USB3.0 ENCLOSURE EXTERNAL CASE IRON GREY",51,NA
3660619041589,STKY1000400 SEAGATE ONE TOUCH WITH PASSWORD 1TB USB3.0 PORTABLE HARD DRIVE BLACK,20,NA
3660619041596,STKY2000400 SEAGATE ONE TOUCH WITH PASSWORD 2TB USB3.0 PORTABLE HARD DRIVE BLACK,29,NA
3660619041602,STKY1000401 SEAGATE ONE TOUCH WITH PASSWORD 1TB USB3.0 PORTABLE HARD DRIVE SILVER,1,NA
3660619041619,STKY2000401 SEAGATE ONE TOUCH WITH PASSWORD 2TB USB3.0 PORTABLE HARD DRIVE SILVER,3,NA
3660619041626,STKY1000402 SEAGATE ONE TOUCH WITH PASSWORD 1TB USB3.0 PORTABLE HARD DRIVE BLUE,5,NA
3660619041633,STKY2000402 SEAGATE ONE TOUCH WITH PASSWORD 2TB USB3.0 PORTABLE HARD DRIVE BLUE,1,NA
3660619041640,STKY1000403 SEAGATE ONE TOUCH WITH PASSWORD 1TB USB3.0 PORTABLE HARD DRIVE RED,3,NA
3660619041657,STKY2000403 SEAGATE ONE TOUCH WITH PASSWORD 2TB USB3.0 PORTABLE HARD DRIVE RED,12,NA
3660619041800,STKZ4000400 SEAGATE ONE TOUCH WITH PASSWORD 4TB USB3.0 PORTABLE HARD DRIVE BLACK,3,NA
3660619041817,STKZ5000400 SEAGATE ONE TOUCH WITH PASSWORD 5TB USB3.0 PORTABLE HARD DRIVE BLACK,2,NA
3660619041848,STKZ4000402 SEAGATE ONE TOUCH WITH PASSWORD 4TB USB3.0 PORTABLE HARD DRIVE BLUE,2,NA
3660619041862,STKZ4000403 SEAGATE ONE TOUCH WITH PASSWORD 4TB USB3.0 PORTABLE HARD DRIVE RED,2,NA
3660619041886,STKZ4000404 SEAGATE ONE TOUCH WITH PASSWORD 4TB USB3.0 PORTABLE HARD DRIVE GREY,2,NA
4547808809344,HDTB410AK3AA TOSHIBA CANVIO BASICS 1TB USB3.0 PORTABLE HARD DRIVE BLACK,26,PCS
4547808809351,HDTB420AK3AA TOSHIBA CANVIO BASICS 2TB USB3.0 PORTABLE HARD DRIVE BLACK,24,PCS
718037869469,WDBYVG0010BBK (NEW) WD MY PASSPORT 1TB USB3.0 PORTABLE HARD DRIVE BLACK,3,PCS
718037869476,WDBYVG0020BBK (NEW) WD MY PASSPORT 2TB USB3.0 PORTABLE HARD DRIVE BLACK,1,PCS
718037870090,WDBYVG0010BRD (NEW) WD MY PASSPORT 1TB USB3.0 PORTABLE HARD DRIVE RED,4,NA
718037870137,WDBYVG0010BBL (NEW) WD MY PASSPORT 1TB USB3.0 PORTABLE HARD DRIVE BLUE,3,NA
718037870168,WDBYVG0020BRD (NEW) WD MY PASSPORT 2TB USB3.0 PORTABLE HARD DRIVE RED,14,PCS
718037870236,WDBPKJ0040BRD (NEW) WD MY PASSPORT 4TB USB3.0 PORTABLE HARD DRIVE RED,7,PCS
718037870281,WDBYVG0020BBL (NEW) WD MY PASSPORT 2TB USB3.0 PORTABLE HARD DRIVE BLUE,15,PCS
6601281562313,"HDWD120UZSVA TOSHIBA PC P300 2TB 3.5"" INTERNAL HARD DRIVE",6,PCS
6629202026911,"WD22PUR WD PURPLE SURVEILLANCE 2TB 3.5"" INTERNAL HARD DRIVE",5,NA
6630406982910,"HDWL110 TOSHIBA PC L200 1TB 2.5"" LAPTOP INTERNAL HARD DRIVE",19,PCS
6632059628801,"HDWD110UZSVA TOSHIBA PC P300 1TB 3.5"" INTERNAL HARD DRIVE",8,PCS
6637788384332,"WD40EFZX WD NASWARE RED PLUS 4TB 3.5"" INTERNAL HARD DRIVE",1,NA
6666133350678,"WD10SPZX WD SCORPIO BLUE 1TB 2.5"" LAPTOP INTERNAL HARD DRIVE",4,PCS
6666731137381,"WD10PURZ WD PURPLE SURVEILLANCE 1TB 3.5"" INTERNAL HARD DRIVE",1,PCS
6684169498461,"WD40PURZ WD PURPLE SURVEILLANCE 4TB 3.5"" INTERNAL HARD DRIVE",3,PCS
6808410768589,DVD RECORDABLE DISC 50PCS,1,PCS
6873302682557,DVD RECORDABLE DISC 100PCS,45,PCS
6891963846040,DVD RECORDABLE DISC 25PCS,17,PCS
4712900093919,DRW-24D5MT ASUS 24X DVD-WRITER SATA,4,PCS
6699560749661,PVC COLOR CD SLEEVES-100PCS 200CDS,5,PCS
6801618820301,"UNIVERSAL V2 2.5"" STORAGE POUCH",72,PCS
6839550619998,DK103 SSK USB3.0 HARD DRIVE DOCKING STATION,71,NA
6855379209349,"UNIVERSAL FABRIC 2.5"" STORAGE POUCH",93,PCS
6934839123040,DK102 SSK USB3.0 HARD DRIVE DOCKING STATION BLACK,22,NA
6934839123132,DK105 SSK TYPE C HARD DRIVE DOCKING STATION BLACK,27,NA
740617220551,SNA-BR2/35 KINGSTON SSD BRACKET,1,PCS
3660619040605,STKG500400 SEAGATE 500GB ONE TOUCH USB3.2 GEN2 PORTABLE EXTERNAL SSD BLACK,1,NA
3660619040612,STKG500401 SEAGATE 500GB ONE TOUCH USB3.2 GEN2 PORTABLE EXTERNAL SSD SILVER,2,NA
3660619040629,STKG500402 SEAGATE 500GB ONE TOUCH USB3.2 GEN2 PORTABLE EXTERNAL SSD BLUE,1,NA
740617261219,"SA400S37/240G KINGSTON A400 240GB 2.5"" INTERNAL SSD",23,PCS
740617263442,"SA400S37/480G KINGSTON A400 480GB 2.5"" INTERNAL SSD",49,PCS
740617277357,"SA400S37/960G KINGSTON A400 960GB 2.5"" INTERNAL SSD",11,PCS
740617299595,"SA400S37/1920G KINGSTON A400 1920GB 2.5"" INTERNAL SSD",1,NA
740617300253,"SKC600/512G KINGSTON KC600 512GB 2.5"" INTERNAL SSD",4,NA
8806090525735,"MZ-77E250BW SAMSUNG 870 EVO 250GB 2.5"" INTERNAL SSD",7,NA
4710273771106,AS40G-256GT-C XPG SPECTRIX S40G RGB 256GB M.2 INTERNAL SSD,3,NA
740617288667,SA400M8/240G KINGSTON A400 240GB M.2 INTERNAL SSD,8,PCS
740617303506,SA400M8/480G KINGSTON A400 480GB M.2 INTERNAL SSD,12,NA
740617307160,SKC2500M8/500G KINGSTON KC2500 500GB M.2 NVME INTERNAL SSD,1,NA
740617316681,SNVS/1000G KINGSTON NV1 1TB M.2 NVME INTERNAL SSD,6,NA
740617316841,SNVS/500G KINGSTON NV1 500GB M.2 NVME INTERNAL SSD,36,NA
740617316889,SNVS/2000G KINGSTON NV1 2TB M.2 NVME INTERNAL SSD,1,NA
740617323047,SNVS/250G KINGSTON NV1 250GB M.2 NVME INTERNAL SSD,14,NA
8801643628116,MZ-V7S500BW SAMSUNG 970 EVO PLUS 500GB M.2 NVME INTERNAL SSD,2,PCS
PELW2001,PELW2001 ADD-ON EXTENDED LIMITED WARRANTY,"-1,676",PCS
PELW2002,PELW2002 ADD-ON EXTENDED LIMITED WARRANTY,-135,PCS
PELW3001,PELW3001 ADD-ON EXTENDED LIMITED WARRANTY,"-1,013",PCS
PELW3002,PELW3002 ADD-ON EXTENDED LIMITED WARRANTY,-962,PCS
PELW3003,PELW3003 ADD-ON EXTENDED LIMITED WARRANTY,-117,PCS
PELW4001,PELW4001 ADD-ON EXTENDED LIMITED WARRANTY,-172,PCS
PELW4002,PELW4002 ADD-ON EXTENDED LIMITED WARRANTY,"-1,399",PCS
PELW4003,PELW4003 ADD-ON EXTENDED LIMITED WARRANTY,-163,PCS
PELW6002,PELW6002 ADD-ON EXTENDED LIMITED WARRANTY,"-1,159",PCS
PELW6003,PELW6003 ADD-ON EXTENDED LIMITED WARRANTY,-598,PCS
PELW8001,PELW8001 ADD-ON EXTENDED LIMITED WARRANTY,-5,PCS
PELW8002,PELW8002 ADD-ON EXTENDED LIMITED WARRANTY,-44,PCS
PELW8003,PELW8003 ADD-ON EXTENDED LIMITED WARRANTY,-271,PCS
6627420764035,6GQ-00083 MICROSOFT OFFICE 365 HOME ESD (ELECTRONIC SOFTWARE),7,PCS
6672485284363,QQ2-00003 MICROSOFT OFFICE 365 PERSONAL ESD (ELECTRONIC SOFTWARE),6,PCS
6683166167240,T5D-03483 MICROSOFT OFFICE HOME AND BUSINESS 2021 ESD,9,NA
6688573198528,79G-05337 MICROSOFT OFFICE HOME AND STUDENT 2021 ESD (ELECTRONIC SOFTWARE),26,NA
885370922264,KW9-00139 MICROSOFT WINDOWS 10 HOME 64BIT-OEM,6,PCS
889842905267,KW9-00632 MICROSOFT WINDOWS 11 HOME 64BIT,6,NA
889842905892,FQC-10528 MICROSOFT WINDOWS 11 PRO 64BIT,5,NA
4710425958034,TREND MICRO INTERNET SECURITY 1 USER,2,NA
6608821234570,KL19394CAMY  KASPERSKY INTERNET SECURITY 2021 1USER,24,NA
6616783774386,KL19394CEMY KASPERSKY INTERNET SECURITY 2021 5USER,7,NA
6641537813257,KL11714CEMY KASPERSKY ANTI VIRUS 2021 5USER,5,NA
6661480055146,KL11714CCMY KASPERSKY ANTI VIRUS 2021 3USER,8,NA
6668303765756,KL19394CCMY KASPERSKY INTERNET SECURITY 2021 3USER,12,NA
6674870020075,KL11714CAMY KASPERSKY ANTI VIRUS 2021 1USER,11,NA
6934839122883,Z106 PRO SSK PRO WIRELESS CAST,81,NA
6606812041619,SI420R CASH DRAWER BLACK,4,PCS
6626617818742,DEMO INNERGIE 90W LAPTOP PWR ADAP-BLK,22,PCS
6666853005674,LELONG ITEM,-4,PCS
6672548867809,OPTIPLEX 7010 DELL CORE i5,6,PCS
6684913739758,POWERGEAR 90 DEMO INNERGIE 90W LAPTOP POWER ADAPTER BLACK,37,PCS
6690337018188,TM-U220A-676 EPSON RECEIPT PRINTER,3,NA
6697508534881,COMPUTER USB LOCK-NUMERIC,1,PCS
6804009254846,GUARD WIRE-SIL,3,PCS
6813313725317,HEADPHONE DISPLAY STAND,5,PCS
6815296102208,POWER EXT 5 GANG-W/O WIRE,60,PCS
6819588705573,SHOWROOM ARTIFICIAL GRASS,1,PCS
6822763960889,ACRYLIC AIR POD STAND,30,PCS
6827926443148,LED LIGHT 24W 330MM,2,PCS
6828682585691,TENSION ROD-1M,700,PCS
6829172238745,LED 6in DOWNLIGHT,18,PCS
6834771310846,DS-2CD3955FWD-IWS HIKVISION IP CAMERA,1,PCS
6838201401012,TENSION ROD-0.65M,70,PCS
6843304150460,LIGHTING SHOWCASE,1,PCS
6855403181368,DA130PE1-00 DELL LAPTOP PWR ADAPTER,14,PCS
6859417007935,ANTI THEFT CABLE PULL BOX,60,PCS
6867596536740,LED 6W LED LIGHT 6W 120MM,2,PCS
6871747059873,SMARTPHONE ALARM DISPLAY STAND-MICRO,1,PCS
6872413626511,LED LIGHT 12W 170MM,2,PCS
6875544975190,SMARTWATCH DISPLAY RACK,17,PCS
6878711306582,SMARTPHONE ALARM DISPLAY STAND-TYPE C,1,PCS
6883999116037,BLOWER FABRIC,50,PCS
6887499315082,LED LIGHT 18W 220MM,2,PCS
6889293632167,ACRYLIC PHONE STAND,80,PCS
6957531074267,HOCO X5 BAMBOO 2 IN ONE CABLE 1METER,1,PCS
6957531094326,HOCO M54 PURE MUSIC WIRED EARPHONE,1,PCS
741149136297,COMMSCOPE AMP SL SERIES CAT6 RJ45 JACK,33,PCS
CC,COURIER CARTON,-3,PCS
AONSC,AONSC AEON APPLICATION FEE,-1,PCS
APF,APF ADMIN PROCESSING FEES,-12,PCS
SCPELW,SCPELW PELW CLAIM,-38,PCS
WSC,WSC WARRANTY SERVICE CHARGES (NOT REFUNDABLE),-24,PCS
WSC1,WSC1 COURIER FEE (NOT REFUNDABLE),-217,PCS
AC,AC ASSEMBLY AND CONFIGURATION CHARGES,-500,SET
CF,CF REPAIR / CLAIM / CHECKING COMMITMENT FEE (NOT REFUNDABLE),-33,PCS
CSMT-REFILL,REFILL TONER (NO WARRANTY),-49,PCS
SC,SC SETUP & CONFIGURATION (NO WARRANTY),-34,PCS
SC0,SC0 FREE SERVICES,-5,PCS
SC1,SC1 SC1 CHECKING/DIAGNOSTIC/DEVICE CLEANING (NO WARRANTY),-398,PCS
SC11,SC11 SC11 DATA BACKUP SERVICE (NO WARRANTY),-4,PCS
SC12,SC12 SC12 CONNECTION SETTING (NO WARRANTY),-168,PCS
SC13,SC13 SC13 CONNECTION SETTING(PRINTER/SCANNER) (NO WARRANTY),-4,PCS
SC14,SC14 DATA RECOVERY (NO WARRANTY),-1,PCS
SC16,SC16 THIRD PARTY WARRANTY CLAIM,-5,PCS
SC2,SC2 SC2 INSTALLATION / ASSEMBLY / UPGRADE,"-1,788",PCS
SC28,SC28 LAPTOP COVER REPLACEMENT (NO WARRANTY),-114,PCS
SC29,SC29 MAINBOARD REPLACEMENT (3 MONTHS WARRANTY),-7,PCS
SC30,SC30 MAINBOARD REPAIR (1 MONTH WARRANTY),-100,PCS
SC30AR,SC30AR MAINBOARD ADVANCED REPLACEMENT (3 MONTHS WARRANTY),-2,PCS
SC33,SC33 OVERHEATING FAN REPLACEMENT OR MODIFICATION (3 MONTHS WARRANTY),-23,PCS
SC39,SC39 SC39 KEYBOARD REPLACEMENT (3 MONTHS WARRANTY),-82,PCS
SC40,SC40 SC40 LCD DISPLAY PROBLEM (3 MONTHS WARRANTY),-147,PCS
SC6,ilovephco2020 SC6 SOFTWARE ACTIVATION (NO WARRANTY),-84,PCS
SC7,SC7 SC7 RTAM CPU FAN CLEANING (NO WARRANTY),-21,PCS
SC8,SC8 SC8 REFORMAT/REINSTALL OPERATING SYSTEM (NO WARRANTY),"-2,706",PCS
SC99,SC99 REPAIR SERVICE CHARGES,-30,PCS
WEBORDER,WEBORDER | SHIPPING,-6,NA
4549292148657,AS-120V CANON CALCULATOR BROWN,1,PCS
FGPHC,FG PC DEPOT/PH&CO PAPER BAG - PH&CO/PC DEPOT,-145,NA
TRADEIN,INK CARTRIDGE TRADE IN,130,PCS
